,true_mask_path,pred_mask_path,review,true_mask_pixels,pred_mask_pixels,DICE,JACRD,AUC,KAPPA,RNDIND,ADJRIND,ICCORR,VOLSMTY,MUTINF,HDRFDST,MAHLNBS,VARINFO,GCOERR,PROBDST,SNSVTY,SPCFTY,PRCISON,FMEASR,ACURCY,FALLOUT,TP,FP,TN,FN,REFVOL,SEGVOL
0,dataset/Expert/00000072_000_expert.png,dataset/sample_1/00000072_000_s1.png,1,0,2121,0,0,0,0,0,0,0,0,0,0,0,0,0,0,0,0,0,0,0,0,0,0,0,0,0,0
1,dataset/Expert/00000150_002_expert.png,dataset/sample_1/00000150_002_s1.png,5,2729,959,0.520065,0.351411,0.675705,0.519415,0.996630,0.518535,0.520059,0.520065,0.008117,15.132746,0.241432,0.020413,0.002281,0.003619,0.351411,1.000000,1.000000,0.520065,0.998312,0.000000,959,0,1045847,1770,2729,959
2,dataset/Expert/00000181_061_expert.png,dataset/sample_1/00000181_061_s1.png,4,62059,173279,0.519559,0.350949,0.935726,0.473689,0.807597,0.409451,0.519137,0.527403,0.159455,239.703984,0.748286,0.652014,0.146441,0.003626,0.985127,0.886324,0.352818,0.519559,0.892172,0.113676,61136,112143,874374,923,62059,173279
3,dataset/Expert/00000211_019_expert.png,dataset/sample_1/00000211_019_s1.png,4,138819,251580,0.708670,0.548791,0.936005,0.648735,0.806597,0.546934,0.708245,0.711165,0.320121,182.784026,0.464696,0.718626,0.168315,0.001612,0.996492,0.875518,0.549853,0.708670,0.891534,0.124482,138332,113248,796509,487,138819,251580
4,dataset/Expert/00000211_041_expert.png,dataset/sample_1/00000211_041_s1.png,3,124276,285638,0.562957,0.391747,0.872117,0.476487,0.716678,0.355639,0.562288,0.606352,0.193338,325.161498,0.985143,0.983307,0.244822,0.003044,0.928433,0.815800,0.403945,0.562957,0.829149,0.184200,115382,170256,754044,8894,124276,285638
5,dataset/Expert/00000344_003_expert.png,dataset/sample_1/00000344_003_s1.png,2,30639,249968,0.169319,0.092489,0.776563,0.123700,0.654238,0.086855,0.168448,0.218377,0.028011,516.434894,1.697475,0.926791,0.249307,0.019239,0.775352,0.777774,0.095036,0.169319,0.777703,0.222226,23756,226212,791725,6883,30639,249968
6,dataset/Expert/00000468_033_expert.png,dataset/sample_1/00000468_033_s1.png,2,5520,25900,0.244048,0.138984,0.836705,0.237430,0.955723,0.231887,0.243960,0.351369,0.015300,562.275733,1.031884,0.183896,0.027372,0.012147,0.694565,0.978845,0.148031,0.244048,0.977348,0.021155,3834,22066,1020990,1686,5520,25900
7,dataset/Expert/00000808_002_expert.png,dataset/sample_1/00000808_002_s1.png,2,20972,149706,0.233938,0.132463,0.912840,0.206082,0.781711,0.175597,0.233450,0.245749,0.049747,275.753513,0.792729,0.633399,0.142153,0.012842,0.951936,0.873743,0.133355,0.233938,0.875307,0.126257,19964,129742,897862,1008,20972,149706
8,dataset/Expert/00000830_000_expert.png,dataset/sample_1/00000830_000_s1.png,3,4889,22525,0.243452,0.138597,0.832084,0.237611,0.961224,0.232786,0.243375,0.356679,0.013820,429.336698,1.012664,0.164861,0.023968,0.012187,0.682553,0.981615,0.148147,0.243452,0.980221,0.018385,3337,19188,1024499,1552,4889,22525
9,dataset/Expert/00000974_002_expert.png,dataset/sample_1/00000974_002_s1.png,1,25300,0,0,0,0,0,0,0,0,0,0,0,0,0,0,0,0,0,0,0,0,0,0,0,0,0,0,0
10,dataset/Expert/00001075_024_expert.png,dataset/sample_1/00001075_024_s1.png,3,54921,33666,0.642036,0.472793,0.756268,0.627194,0.941345,0.606552,0.641917,0.760066,0.107601,264.599698,0.806791,0.286055,0.048279,0.002186,0.517798,0.994739,0.844710,0.642036,0.969758,0.005261,28438,5228,988427,26483,54921,33666
11,dataset/Expert/00001187_006_expert.png,dataset/sample_1/00001187_006_s1.png,2,52405,127489,0.224343,0.126344,0.638668,0.165209,0.769272,0.139055,0.223822,0.582621,0.017470,298.377278,0.675125,0.785254,0.178928,0.013559,0.385059,0.892278,0.158280,0.224343,0.866928,0.107722,20179,107310,888861,32226,52405,127489
12,dataset/Expert/00002350_001_expert.png,dataset/sample_1/00002350_001_s1.png,5,13134,13016,0.866004,0.763674,0.930239,0.864312,0.993339,0.861351,0.865991,0.995488,0.071875,20.099751,0.284978,0.049752,0.006443,0.000607,0.862114,0.998365,0.869929,0.866004,0.996658,0.001635,11323,1693,1033749,1811,13134,13016
13,dataset/Expert/00002578_000_expert.png,dataset/sample_1/00002578_000_s1.png,4,116908,119192,0.790707,0.653859,0.885343,0.764158,0.910192,0.719155,0.790523,0.990326,0.267495,154.149278,0.348143,0.480298,0.088334,0.001038,0.798431,0.972255,0.783131,0.790707,0.952875,0.027745,93343,25849,905819,23565,116908,119192
14,dataset/Expert/00002583_014_expert.png,dataset/sample_1/00002583_014_s1.png,4,17593,25862,0.718214,0.560323,0.938526,0.712472,0.976917,0.703800,0.718169,0.809711,0.079240,150.585524,0.114039,0.131348,0.019472,0.001539,0.887001,0.990051,0.603395,0.718214,0.988322,0.009949,15605,10257,1020726,1988,17593,25862
15,dataset/Expert/00002597_000_expert.png,dataset/sample_1/00002597_000_s1.png,5,0,0,0,0,0,0,0,0,0,0,0,0,0,0,0,0,0,0,0,0,0,0,0,0,0,0,0,0
16,dataset/Expert/00002706_004_expert.png,dataset/sample_1/00002706_004_s1.png,1,24489,0,0,0,0,0,0,0,0,0,0,0,0,0,0,0,0,0,0,0,0,0,0,0,0,0,0,0
17,dataset/Expert/00002711_000_expert.png,dataset/sample_1/00002711_000_s1.png,5,210024,210534,0.558406,0.387353,0.724022,0.447636,0.708512,0.330934,0.557712,0.998787,0.122926,218.487986,0.115519,1.200151,0.305193,0.003101,0.559084,0.888960,0.557729,0.558406,0.822887,0.111040,117421,93113,745439,92603,210024,210534
18,dataset/Expert/00002763_031_expert.png,dataset/sample_1/00002763_031_s1.png,4,110632,145783,0.742655,0.590654,0.903361,0.707573,0.882060,0.650835,0.742409,0.862914,0.249375,128.968989,0.445836,0.569155,0.108880,0.001359,0.860637,0.946085,0.653121,0.742655,0.937070,0.053915,95214,50569,887375,15418,110632,145783
19,dataset/Expert/00002856_009_expert.png,dataset/sample_1/00002856_009_s1.png,2,27063,161595,0.225424,0.127030,0.824173,0.189593,0.760122,0.157684,0.224878,0.286900,0.038258,575.127812,1.499196,0.716431,0.162465,0.013475,0.785722,0.862624,0.131588,0.225424,0.860640,0.137376,21264,140331,881182,5799,27063,161595
20,dataset/Expert/00002980_000_expert.png,dataset/sample_1/00002980_000_s1.png,5,93912,53377,0.557041,0.386041,0.711942,0.526291,0.883302,0.488593,0.556798,0.724793,0.110918,88.549421,0.502397,0.503395,0.095883,0.003118,0.436824,0.987059,0.768552,0.557041,0.937779,0.012941,41023,12354,942310,52889,93912,53377
21,dataset/Expert/00003072_028_expert.png,dataset/sample_1/00003072_028_s1.png,2,148573,142237,0.372862,0.229152,0.633555,0.271952,0.712644,0.209805,0.372181,0.978213,0.042064,277.000000,0.610192,1.077247,0.282500,0.006596,0.364912,0.902199,0.381167,0.372862,0.826071,0.097801,54216,88021,811982,94357,148573,142237
22,dataset/Expert/00003333_002_expert.png,dataset/sample_1/00003333_002_s1.png,3,71951,109967,0.678514,0.513448,0.904180,0.649432,0.894672,0.606357,0.678296,0.791027,0.179380,479.504953,0.920897,0.486239,0.091253,0.001858,0.857764,0.950595,0.561232,0.678514,0.944225,0.049405,61717,48250,928375,10234,71951,109967
23,dataset/Expert/00003391_001_expert.png,dataset/sample_1/00003391_001_s1.png,3,34614,39114,0.439643,0.281758,0.722815,0.419304,0.924304,0.401581,0.439489,0.938965,0.046255,229.810792,1.536391,0.346543,0.065686,0.004998,0.468221,0.977408,0.414353,0.439643,0.960600,0.022592,16207,22907,991055,18407,34614,39114
24,dataset/Expert/00003400_003_expert.png,dataset/sample_1/00003400_003_s1.png,3,66390,60973,0.436924,0.279529,0.692675,0.400587,0.872570,0.369661,0.436657,0.957468,0.058551,168.077363,1.295198,0.543413,0.114353,0.005054,0.419099,0.966250,0.456333,0.436924,0.931607,0.033750,27824,33149,949037,38566,66390,60973
25,dataset/Expert/00003787_003_expert.png,dataset/sample_1/00003787_003_s1.png,3,20247,48993,0.542288,0.372013,0.948931,0.529429,0.941379,0.512329,0.542170,0.584835,0.077437,320.515210,0.874670,0.254980,0.042670,0.003310,0.927248,0.970613,0.383198,0.542288,0.969776,0.029387,18774,30219,998110,1473,20247,48993
26,dataset/Expert/00003894_005_expert.png,dataset/sample_1/00003894_005_s1.png,5,108108,148207,0.793001,0.657002,0.945271,0.764979,0.903922,0.715652,0.792803,0.843556,0.298947,110.000000,0.411771,0.468591,0.087193,0.001024,0.940069,0.950474,0.685723,0.793001,0.949401,0.049526,101629,46578,893890,6479,108108,148207
27,dataset/Expert/00003973_008_expert.png,dataset/sample_1/00003973_008_s1.png,1,74644,175558,0.364410,0.222800,0.738645,0.293869,0.742683,0.237111,0.363816,0.596670,0.056663,285.000000,1.333616,0.908789,0.210633,0.006840,0.610739,0.866551,0.259675,0.364410,0.848341,0.133449,45588,129970,843962,29056,74644,175558
28,dataset/Expert/00004808_090_expert.png,dataset/sample_1/00004808_090_s1.png,4,197128,312268,0.744164,0.592564,0.908674,0.667534,0.782324,0.535039,0.743677,0.773968,0.351198,107.079410,0.131974,0.873452,0.202492,0.001348,0.961492,0.855856,0.606969,0.744164,0.875715,0.144144,189537,122731,728717,7591,197128,312268
29,dataset/Expert/00004911_018_expert.png,dataset/sample_1/00004911_018_s1.png,4,17278,4891,0.441247,0.283077,0.641538,0.437155,0.976653,0.431880,0.441201,0.441247,0.028671,308.520664,1.271887,0.106671,0.015157,0.004966,0.283077,1.000000,1.000000,0.441247,0.988187,0.000000,4891,0,1031298,12387,17278,4891
30,dataset/Expert/00005089_014_expert.png,dataset/sample_1/00005089_014_s1.png,4,15546,16925,0.602199,0.430819,0.810994,0.595954,0.975666,0.588382,0.602151,0.957531,0.046367,160.440020,0.648192,0.137760,0.021727,0.002591,0.628908,0.993081,0.577666,0.602199,0.987681,0.006919,9777,7148,1025882,5769,15546,16925
31,dataset/Expert/00005215_000_expert.png,dataset/sample_1/00005215_000_s1.png,5,0,0,0,0,0,0,0,0,0,0,0,0,0,0,0,0,0,0,0,0,0,0,0,0,0,0,0,0
32,dataset/Expert/00005353_000_expert.png,dataset/sample_1/00005353_000_s1.png,5,124388,124755,0.835785,0.717896,0.907342,0.813646,0.925009,0.773492,0.835632,0.998527,0.314286,78.243211,0.439576,0.423236,0.074355,0.000771,0.837018,0.977667,0.834556,0.835785,0.960982,0.022333,104115,20640,903548,20273,124388,124755
33,dataset/Expert/00006323_009_expert.png,dataset/sample_1/00006323_009_s1.png,2,32216,292790,0.176298,0.096671,0.814695,0.128029,0.619750,0.081810,0.175298,0.198249,0.037785,527.821940,1.389726,0.976832,0.283340,0.018322,0.889279,0.740111,0.097848,0.176298,0.744694,0.259889,28649,264141,752219,3567,32216,292790
34,dataset/Expert/00006948_002_expert.png,dataset/sample_1/00006948_002_s1.png,4,88884,101933,0.775266,0.633008,0.901517,0.752887,0.921552,0.715990,0.775106,0.931615,0.230811,81.743501,0.413496,0.417224,0.074251,0.001137,0.832175,0.970859,0.725643,0.775266,0.959104,0.029141,73967,27966,931726,14917,88884,101933
35,dataset/Expert/00007034_016_expert.png,dataset/sample_1/00007034_016_s1.png,1,144984,160318,0.015486,0.007804,0.420749,0,0.591036,0,0.014364,0.949774,0.024274,362.840185,0.272269,1.148164,0.403046,0.249307,0.016305,0.825193,0.014746,0.015486,0.713350,0.174807,2364,157954,745638,142620,144984,160318
36,dataset/Expert/00007558_006_expert.png,dataset/sample_1/00007558_006_s1.png,3,12863,54424,0.368957,0.226209,0.962227,0.356181,0.922292,0.340790,0.368799,0.382332,0.049880,535.000000,1.302365,0.290138,0.050061,0.006707,0.965016,0.959438,0.228080,0.368957,0.959506,0.040562,12413,42011,993702,450,12863,54424
37,dataset/Expert/00007882_001_expert.png,dataset/sample_1/00007882_001_s1.png,4,167256,421274,0.549868,0.379185,0.836507,0.416661,0.622370,0.230972,0.548878,0.568386,0.204044,405.738832,0.222968,1.197012,0.352837,0.003210,0.967421,0.705593,0.384090,0.549868,0.747356,0.294407,161807,259467,621853,5449,167256,421274
38,dataset/Expert/00008008_027_expert.png,dataset/sample_1/00008008_027_s1.png,2,68865,17725,0.199030,0.110513,0.557916,0.176899,0.876464,0.164176,0.198771,0.409401,0.016866,305.085234,0.449052,0.439523,0.081938,0.015782,0.125129,0.990703,0.486150,0.199030,0.933857,0.009297,8617,9108,970603,60248,68865,17725
39,dataset/Expert/00008386_000_expert.png,dataset/sample_1/00008386_000_s1.png,2,6715,115727,0.042126,0.021516,0.637732,0.030388,0.801320,0.026546,0.041689,0.109685,0.002355,629.224920,3.494470,0.552181,0.118182,0.089170,0.384066,0.891398,0.022285,0.042126,0.888149,0.108602,2579,113148,928713,4136,6715,115727
40,dataset/Expert/00008547_001_expert.png,dataset/sample_1/00008547_001_s1.png,3,52810,247292,0.132082,0.070711,0.573424,0.053522,0.626607,0.035497,0.131109,0.351947,0.003731,353.022662,1.724362,1.068524,0.295951,0.025769,0.375289,0.771560,0.080144,0.132082,0.751602,0.228440,19819,227473,768293,32991,52810,247292
41,dataset/Expert/00008554_009_expert.png,dataset/sample_1/00008554_009_s1.png,2,30794,97005,0.359299,0.218991,0.836408,0.329402,0.856020,0.300289,0.358993,0.481913,0.055701,588.000000,1.377371,0.524604,0.102212,0.006993,0.745567,0.927248,0.236679,0.359299,0.921912,0.072752,22959,74046,943736,7835,30794,97005
42,dataset/Expert/00008814_010_expert.png,dataset/sample_1/00008814_010_s1.png,2,18345,72738,0.387229,0.240102,0.953906,0.369614,0.899211,0.348126,0.387021,0.402819,0.063669,468.412212,1.208881,0.363359,0.066645,0.006206,0.961297,0.946514,0.242445,0.387229,0.946773,0.053486,17635,55103,975128,710,18345,72738
43,dataset/Expert/00009368_006_expert.png,dataset/sample_1/00009368_006_s1.png,4,61231,146660,0.413168,0.260373,0.798175,0.360478,0.794381,0.309211,0.412713,0.589068,0.076055,425.586654,1.138629,0.752816,0.162393,0.005570,0.701393,0.894958,0.292834,0.413168,0.883655,0.105042,42947,103713,883632,18284,61231,146660
44,dataset/Expert/00009437_008_expert.png,dataset/sample_1/00009437_008_s1.png,5,28884,35307,0.697512,0.535523,0.881198,0.688060,0.963651,0.674514,0.697440,0.899939,0.095979,47.010637,0.105975,0.202455,0.032486,0.001701,0.775066,0.987330,0.634067,0.697512,0.981483,0.012670,22387,12920,1006772,6497,28884,35307
45,dataset/Expert/00009507_004_expert.png,dataset/sample_1/00009507_004_s1.png,3,31191,74201,0.573725,0.402254,0.963035,0.555090,0.917982,0.528773,0.573557,0.591905,0.113668,429.923249,0.933988,0.334548,0.060842,0.002914,0.969286,0.956783,0.407447,0.573725,0.957155,0.043217,30233,43968,973417,958,31191,74201
46,dataset/Expert/00009619_000_expert.png,dataset/sample_1/00009619_000_s1.png,5,36058,28893,0.846731,0.734200,0.880613,0.841893,0.981193,0.833390,0.846694,0.889686,0.140225,35.805028,0.192924,0.117465,0.017048,0.000710,0.762605,0.998622,0.951718,0.846731,0.990506,0.001378,27498,1395,1011123,8560,36058,28893
47,dataset/Expert/00010060_038_expert.png,dataset/sample_1/00010060_038_s1.png,2,16356,28159,0.178007,0.097699,0.609397,0.161460,0.932644,0.155581,0.177871,0.734853,0.008054,201.022387,1.448557,0.278210,0.049819,0.018109,0.242235,0.976558,0.140701,0.178007,0.965104,0.023442,3962,24197,1008023,12394,16356,28159
48,dataset/Expert/00010103_014_expert.png,dataset/sample_1/00010103_014_s1.png,5,57511,145881,0.495536,0.329377,0.889951,0.452457,0.823448,0.398550,0.495153,0.565519,0.120089,104.019229,0.364520,0.648399,0.136042,0.003992,0.876250,0.903652,0.345446,0.495536,0.902149,0.096348,50394,95487,895578,7117,57511,145881
49,dataset/Expert/00010277_000_expert.png,dataset/sample_1/00010277_000_s1.png,3,90200,124550,0.605476,0.434181,0.829321,0.561747,0.851459,0.506098,0.605160,0.840047,0.145420,263.036119,0.621636,0.658054,0.133802,0.002555,0.720765,0.937877,0.521983,0.605476,0.919201,0.062123,65013,59537,898839,25187,90200,124550
50,dataset/Expert/00010381_000_expert.png,dataset/sample_1/00010381_000_s1.png,3,49307,35733,0.293979,0.172319,0.615132,0.264932,0.892040,0.248480,0.293756,0.840381,0.024211,292.246471,2.028229,0.439638,0.087799,0.009418,0.253514,0.976750,0.349817,0.293979,0.942741,0.023250,12500,23233,976036,36807,49307,35733
51,dataset/Expert/00010447_018_expert.png,dataset/sample_1/00010447_018_s1.png,3,56672,57089,0.440942,0.282826,0.705147,0.408877,0.886052,0.381242,0.440705,0.996334,0.056920,194.743421,0.389199,0.494488,0.103231,0.004972,0.442564,0.967731,0.439332,0.440942,0.939347,0.032269,25081,32008,959896,31591,56672,57089
52,dataset/Expert/00010815_006_expert.png,dataset/sample_1/00010815_006_s1.png,4,53289,56365,0.833987,0.715247,0.923683,0.824835,0.965881,0.808940,0.833919,0.971948,0.191186,125.000000,0.115411,0.209633,0.032751,0.000781,0.858057,0.989310,0.811230,0.833987,0.982639,0.010690,45725,10640,984647,7564,53289,56365
53,dataset/Expert/00010936_016_expert.png,dataset/sample_1/00010936_016_s1.png,2,17665,180503,0.144322,0.077773,0.824145,0.117230,0.728876,0.094021,0.143689,0.178283,0.024260,426.521981,1.494401,0.737407,0.177466,0.023251,0.809510,0.838780,0.079223,0.144322,0.838287,0.161220,14300,166203,864708,3365,17665,180503
54,dataset/Expert/00011157_001_expert.png,dataset/sample_1/00011157_001_s1.png,4,58774,60772,0.626035,0.455641,0.806542,0.603436,0.918365,0.574609,0.625869,0.983287,0.114159,103.353761,0.084376,0.402527,0.076272,0.002343,0.636676,0.976407,0.615744,0.626035,0.957365,0.023593,37420,23352,966450,21354,58774,60772
55,dataset/Expert/00011237_006_expert.png,dataset/sample_1/00011237_006_s1.png,3,39847,154039,0.270633,0.156493,0.765861,0.223762,0.766650,0.187239,0.270105,0.411035,0.039361,424.675170,1.264083,0.756365,0.168405,0.010569,0.658418,0.873303,0.170321,0.270633,0.865137,0.126697,26236,127803,880926,13611,39847,154039
56,dataset/Expert/00011269_019_expert.png,dataset/sample_1/00011269_019_s1.png,1,3351,79494,0.000000,0.000000,0.461973,0,0.854470,0,0,0.080898,0.000364,642.748007,6.399546,0.417612,0.082192,0,0.000000,0.923946,0.000000,0.000000,0.920993,0.076054,0,79494,965731,3351,3351,79494
57,dataset/Expert/00011355_011_expert.png,dataset/sample_1/00011355_011_s1.png,4,39493,48814,0.572140,0.400698,0.808159,0.553551,0.930531,0.531854,0.572000,0.894448,0.082268,142.172431,0.540610,0.338507,0.061035,0.002933,0.639658,0.976660,0.517515,0.572140,0.963967,0.023340,25262,23552,985531,14231,39493,48814
58,dataset/Expert/00011450_000_expert.png,dataset/sample_1/00011450_000_s1.png,4,49848,26072,0.641438,0.472145,0.743370,0.629336,0.949426,0.611767,0.641337,0.686828,0.102971,539.912030,0.642598,0.237849,0.039480,0.002192,0.488465,0.998275,0.933914,0.641438,0.974039,0.001725,24349,1723,997005,25499,49848,26072
59,dataset/Expert/00011502_001_expert.png,dataset/sample_1/00011502_001_s1.png,5,0,0,0,0,0,0,0,0,0,0,0,0,0,0,0,0,0,0,0,0,0,0,0,0,0,0,0,0
60,dataset/Expert/00000072_000_expert.png,dataset/sample_2/00000072_000_s2.png,1,0,0,0,0,0,0,0,0,0,0,0,0,0,0,0,0,0,0,0,0,0,0,0,0,0,0,0,0
61,dataset/Expert/00000150_002_expert.png,dataset/sample_2/00000150_002_s2.png,5,2729,7540,0.469374,0.306655,0.939101,0.467338,0.989661,0.464886,0.469354,0.531503,0.015605,75.239617,1.203796,0.056417,0.007064,0.004433,0.883107,0.995095,0.319629,0.469374,0.994803,0.004905,2410,5130,1040717,319,2729,7540
62,dataset/Expert/00000181_061_expert.png,dataset/sample_2/00000181_061_s2.png,4,62059,261676,0.383394,0.237160,0.898827,0.318157,0.691742,0.234129,0.382648,0.383394,0.126979,319.765539,0.827669,0.880810,0.235518,0.006307,1.000000,0.797655,0.237160,0.383394,0.809630,0.202345,62059,199617,786900,0,62059,261676
63,dataset/Expert/00000211_019_expert.png,dataset/sample_2/00000211_019_s2.png,4,138819,289353,0.648426,0.479757,0.917267,0.571809,0.754098,0.448316,0.647864,0.648426,0.288329,202.000000,0.546036,0.837164,0.212434,0.002126,1.000000,0.834534,0.479757,0.648426,0.856440,0.165466,138819,150534,759223,0,138819,289353
64,dataset/Expert/00000211_041_expert.png,dataset/sample_2/00000211_041_s2.png,3,124276,208728,0.354296,0.215285,0.656338,0.241619,0.673978,0.173710,0.353493,0.746393,0.038410,282.405736,1.351288,1.168309,0.302840,0.007147,0.474677,0.838000,0.282621,0.354296,0.794939,0.162000,58991,149737,774563,65285,124276,208728
65,dataset/Expert/00000344_003_expert.png,dataset/sample_2/00000344_003_s2.png,2,30639,113456,0.414088,0.261104,0.945789,0.385828,0.851934,0.350076,0.413773,0.425261,0.091606,458.401571,1.179824,0.501714,0.102253,0.005549,0.973726,0.917851,0.262957,0.414088,0.919484,0.082149,29834,83622,934315,805,30639,113456
66,dataset/Expert/00000468_033_expert.png,dataset/sample_2/00000468_033_s2.png,2,5520,2525,0.627719,0.457428,0.728714,0.626485,0.994304,0.624682,0.627708,0.627719,0.019178,18.384776,0.238273,0.033482,0.004163,0.002326,0.457428,1.000000,1.000000,0.627719,0.997144,0.000000,2525,0,1043056,2995,5520,2525
67,dataset/Expert/00000808_002_expert.png,dataset/sample_2/00000808_002_s2.png,2,20972,12054,0.286865,0.167450,0.609376,0.276299,0.956087,0.269894,0.286777,0.729970,0.015326,486.805916,2.354359,0.201344,0.032886,0.009749,0.225873,0.992880,0.392982,0.286865,0.977539,0.007120,4737,7317,1020287,16235,20972,12054
68,dataset/Expert/00000830_000_expert.png,dataset/sample_2/00000830_000_s2.png,3,4889,8554,0.455999,0.295336,0.810829,0.452752,0.986149,0.449554,0.455972,0.727367,0.016709,447.794596,1.359379,0.077719,0.010586,0.004678,0.626918,0.994741,0.358312,0.455999,0.993026,0.005259,3065,5489,1038198,1824,4889,8554
69,dataset/Expert/00000974_002_expert.png,dataset/sample_2/00000974_002_s2.png,1,25300,102351,0.396393,0.247189,0.962351,0.372099,0.863836,0.341132,0.396106,0.396393,0.085279,219.640616,1.235303,0.454844,0.091645,0.005972,1.000000,0.924702,0.247189,0.396393,0.926518,0.075298,25300,77051,946225,0,25300,102351
70,dataset/Expert/00001075_024_expert.png,dataset/sample_2/00001075_024_s2.png,3,54921,26460,0.506457,0.339098,0.684670,0.489055,0.926326,0.468804,0.506308,0.650275,0.070529,472.207581,1.441724,0.325248,0.056131,0.003822,0.375230,0.994111,0.778836,0.506457,0.961696,0.005889,20608,5852,987803,34313,54921,26460
71,dataset/Expert/00001187_006_expert.png,dataset/sample_2/00001187_006_s2.png,2,52405,0,0,0,0,0,0,0,0,0,0,0,0,0,0,0,0,0,0,0,0,0,0,0,0,0,0,0
72,dataset/Expert/00002350_001_expert.png,dataset/sample_2/00002350_001_s2.png,5,13134,13114,0.703444,0.542548,0.849580,0.699685,0.985263,0.694360,0.703415,0.999238,0.050824,555.598776,0.816433,0.092443,0.013727,0.001653,0.702908,0.996251,0.703980,0.703444,0.992577,0.003749,9232,3882,1031560,3902,13134,13114
73,dataset/Expert/00002578_000_expert.png,dataset/sample_2/00002578_000_s2.png,4,116908,161687,0.682317,0.517815,0.870730,0.635093,0.845438,0.565358,0.681986,0.839268,0.212562,275.000000,0.509989,0.699521,0.142101,0.001826,0.812990,0.928470,0.587833,0.682317,0.915595,0.071530,95045,66642,865026,21863,116908,161687
74,dataset/Expert/00002583_014_expert.png,dataset/sample_2/00002583_014_s2.png,4,17593,15616,0.496974,0.330649,0.730954,0.488909,0.968645,0.480870,0.496912,0.940468,0.034816,73.006849,0.359752,0.165025,0.027082,0.003969,0.469050,0.992857,0.528432,0.496974,0.984069,0.007143,8252,7364,1023619,9341,17593,15616
75,dataset/Expert/00002597_000_expert.png,dataset/sample_2/00002597_000_s2.png,5,0,2020,0,0,0,0,0,0,0,0,0,0,0,0,0,0,0,0,0,0,0,0,0,0,0,0,0,0
76,dataset/Expert/00002706_004_expert.png,dataset/sample_2/00002706_004_s2.png,1,24489,23370,0.000000,0.000000,0.488590,0,0.912882,0,0,0.976619,0.000769,378.761138,9.584536,0.312443,0.067421,0,0.000000,0.977180,0.000000,0.000000,0.954358,0.022820,0,23370,1000717,24489,24489,23370
77,dataset/Expert/00002711_000_expert.png,dataset/sample_2/00002711_000_s2.png,5,210024,141798,0.613793,0.442786,0.736880,0.539433,0.774420,0.442166,0.613286,0.806078,0.176429,288.000000,0.389409,0.941265,0.210572,0.002468,0.514098,0.959663,0.761456,0.613793,0.870419,0.040337,107973,33825,804727,102051,210024,141798
78,dataset/Expert/00002763_031_expert.png,dataset/sample_2/00002763_031_s2.png,4,110632,110571,0.386215,0.239323,0.656882,0.313841,0.774568,0.263752,0.385709,0.999724,0.049422,195.358645,0.583942,0.873402,0.214520,0.006232,0.386109,0.927656,0.386322,0.386215,0.870519,0.072344,42716,67855,870089,67916,110632,110571
79,dataset/Expert/00002856_009_expert.png,dataset/sample_2/00002856_009_s2.png,2,27063,254286,0.134879,0.072316,0.735374,0.092543,0.643513,0.063678,0.133970,0.192380,0.017936,688.491104,1.834470,0.936229,0.256506,0.025153,0.701105,0.769644,0.074617,0.134879,0.767875,0.230356,18974,235312,786201,8089,27063,254286
80,dataset/Expert/00002980_000_expert.png,dataset/sample_2/00002980_000_s2.png,5,93912,130117,0.724272,0.567733,0.906284,0.692256,0.889122,0.641821,0.724042,0.838391,0.223789,105.422958,0.648152,0.528428,0.100060,0.001493,0.863883,0.948686,0.623508,0.724272,0.941091,0.051314,81129,48988,905676,12783,93912,130117
81,dataset/Expert/00003072_028_expert.png,dataset/sample_2/00003072_028_s2.png,2,148573,93860,0.545817,0.375343,0.707270,0.489846,0.812037,0.425076,0.545406,0.774317,0.124200,510.306770,0.572033,0.775088,0.165609,0.003263,0.445316,0.969225,0.704901,0.545817,0.894992,0.030775,66162,27698,872305,82411,148573,93860
82,dataset/Expert/00003333_002_expert.png,dataset/sample_2/00003333_002_s2.png,3,71951,92564,0.830550,0.710206,0.962348,0.816371,0.948242,0.790994,0.830446,0.874704,0.254671,90.138782,0.368180,0.282092,0.047102,0.000800,0.949521,0.975175,0.738073,0.830550,0.973414,0.024825,68319,24245,952380,3632,71951,92564
83,dataset/Expert/00003391_001_expert.png,dataset/sample_2/00003391_001_s2.png,3,34614,149600,0.151063,0.081703,0.634079,0.102969,0.746203,0.084549,0.150480,0.375802,0.010027,242.000000,1.949981,0.780406,0.180463,0.022038,0.401976,0.866182,0.093008,0.151063,0.850859,0.133818,13914,135686,878276,20700,34614,149600
84,dataset/Expert/00003400_003_expert.png,dataset/sample_2/00003400_003_s2.png,3,66390,7440,0.141135,0.075925,0.538103,0.130034,0.886369,0.121583,0.140899,0.201544,0.013988,623.946312,2.085826,0.373341,0.067173,0.023864,0.078476,0.997730,0.700269,0.141135,0.939528,0.002270,5210,2230,979956,61180,66390,7440
85,dataset/Expert/00003787_003_expert.png,dataset/sample_2/00003787_003_s2.png,3,20247,27930,0.766092,0.620866,0.951114,0.760735,0.978737,0.752175,0.766050,0.840526,0.094813,58.249464,0.590751,0.125149,0.018425,0.001197,0.911444,0.990785,0.660723,0.766092,0.989253,0.009215,18454,9476,1018853,1793,20247,27930
86,dataset/Expert/00003894_005_expert.png,dataset/sample_2/00003894_005_s2.png,5,108108,197160,0.708283,0.548326,0.952655,0.663464,0.844572,0.588100,0.707950,0.708283,0.291988,166.337007,0.456578,0.592094,0.131494,0.001615,1.000000,0.905311,0.548326,0.708283,0.915073,0.094689,108108,89052,851416,0,108108,197160
87,dataset/Expert/00003973_008_expert.png,dataset/sample_2/00003973_008_s2.png,1,74644,26271,0.477768,0.313861,0.660369,0.457668,0.904533,0.432316,0.477572,0.520656,0.083176,395.031644,1.226901,0.372929,0.067884,0.004287,0.322960,0.997778,0.917628,0.477768,0.949740,0.002222,24107,2164,971768,50537,74644,26271
88,dataset/Expert/00004808_090_expert.png,dataset/sample_2/00004808_090_s2.png,4,197128,441846,0.617014,0.446146,0.856293,0.482455,0.642171,0.277384,0.616099,0.617014,0.279416,182.035711,0.158483,1.120518,0.337503,0.002434,1.000000,0.712586,0.446146,0.617014,0.766619,0.287414,197128,244718,606730,0,197128,441846
89,dataset/Expert/00004911_018_expert.png,dataset/sample_2/00004911_018_s2.png,4,17278,7055,0.528583,0.359234,0.685801,0.524035,0.978360,0.518167,0.528540,0.579871,0.035309,298.323650,1.311199,0.108781,0.015385,0.003497,0.372207,0.999395,0.911552,0.528583,0.989060,0.000605,6431,624,1030674,10847,17278,7055
90,dataset/Expert/00005089_014_expert.png,dataset/sample_2/00005089_014_s2.png,4,15546,34968,0.000000,0.000000,0.483075,0,0.908294,0,0,0.615513,0.000731,428.000000,2.978287,0.320760,0.062772,0,0.000000,0.966150,0.000000,0.000000,0.951826,0.033850,0,34968,998062,15546,15546,34968
91,dataset/Expert/00005215_000_expert.png,dataset/sample_2/00005215_000_s2.png,5,0,3363,0,0,0,0,0,0,0,0,0,0,0,0,0,0,0,0,0,0,0,0,0,0,0,0,0,0
92,dataset/Expert/00005353_000_expert.png,dataset/sample_2/00005353_000_s2.png,5,124388,210945,0.707273,0.547117,0.926710,0.655921,0.830300,0.571568,0.706906,0.741877,0.278825,183.861361,0.512942,0.692014,0.148624,0.001623,0.953356,0.900065,0.562165,0.707273,0.906386,0.099935,118586,92359,831829,5802,124388,210945
93,dataset/Expert/00006323_009_expert.png,dataset/sample_2/00006323_009_s2.png,2,32216,64289,0.278265,0.161619,0.683369,0.247461,0.875976,0.229432,0.278006,0.667655,0.024744,381.588784,1.697687,0.481147,0.094132,0.010171,0.416780,0.949957,0.208854,0.278265,0.933576,0.050043,13427,50862,965498,18789,32216,64289
94,dataset/Expert/00006948_002_expert.png,dataset/sample_2/00006948_002_s2.png,4,88884,86517,0.802971,0.670804,0.887754,0.784992,0.936256,0.754436,0.802843,0.986505,0.235985,368.108680,0.308771,0.357744,0.062001,0.000962,0.792280,0.983228,0.813956,0.802971,0.967042,0.016772,70421,16096,943596,18463,88884,86517
95,dataset/Expert/00007034_016_expert.png,dataset/sample_2/00007034_016_s2.png,1,144984,0,0,0,0,0,0,0,0,0,0,0,0,0,0,0,0,0,0,0,0,0,0,0,0,0,0,0
96,dataset/Expert/00007558_006_expert.png,dataset/sample_2/00007558_006_s2.png,3,12863,123216,0.000000,0.000000,0.440516,0,0.774133,0,0,0.189052,0.002227,638.769129,5.485879,0.613174,0.141872,0,0.000000,0.881033,0.000000,0.000000,0.870225,0.118967,0,123216,912497,12863,12863,123216
97,dataset/Expert/00007882_001_expert.png,dataset/sample_2/00007882_001_s2.png,4,167256,566946,0.447732,0.288438,0.762954,0.267217,0.525677,0.048433,0.446215,0.455613,0.139165,478.338792,0.434457,1.350021,0.500740,0.004837,0.982703,0.543205,0.289909,0.447732,0.613308,0.456795,164363,402583,478737,2893,167256,566946
98,dataset/Expert/00008008_027_expert.png,dataset/sample_2/00008008_027_s2.png,2,68865,72219,0.206841,0.115350,0.576528,0.149668,0.809341,0.131404,0.206424,0.976227,0.011222,521.000000,1.252255,0.688833,0.166704,0.015038,0.211878,0.941179,0.202038,0.206841,0.893282,0.058821,14591,57628,922083,54274,68865,72219
99,dataset/Expert/00008386_000_expert.png,dataset/sample_2/00008386_000_s2.png,2,6715,9405,0.813524,0.685663,0.986869,0.812120,0.994283,0.809755,0.813513,0.833127,0.045810,19.416488,0.353712,0.038134,0.004911,0.000899,0.976471,0.997266,0.697182,0.813524,0.997133,0.002734,6557,2848,1039013,158,6715,9405
100,dataset/Expert/00008547_001_expert.png,dataset/sample_2/00008547_001_s2.png,3,52810,4740,0.130182,0.069623,0.534968,0.122906,0.909080,0.116701,0.129996,0.164726,0.012297,800.960673,2.140500,0.305063,0.052005,0.026202,0.070934,0.999002,0.790295,0.130182,0.952261,0.000998,3746,994,994772,49064,52810,4740
101,dataset/Expert/00008554_009_expert.png,dataset/sample_2/00008554_009_s2.png,2,30794,25620,0.479810,0.315625,0.713813,0.465554,0.945593,0.451805,0.479701,0.908285,0.046349,84.380092,1.510290,0.264167,0.046610,0.004252,0.439501,0.988125,0.528259,0.479810,0.972013,0.011875,13534,12086,1005696,17260,30794,25620
102,dataset/Expert/00008814_010_expert.png,dataset/sample_2/00008814_010_s2.png,2,18345,30360,0.677672,0.512484,0.943070,0.670485,0.970505,0.659968,0.677613,0.753311,0.079805,446.448205,0.856055,0.156643,0.023909,0.001865,0.899591,0.986550,0.543577,0.677672,0.985028,0.013450,16503,13857,1016374,1842,18345,30360
103,dataset/Expert/00009368_006_expert.png,dataset/sample_2/00009368_006_s2.png,4,61231,133332,0.574169,0.402691,0.916874,0.537123,0.854460,0.485948,0.573860,0.629421,0.150939,504.572096,0.632842,0.568745,0.115062,0.002908,0.912218,0.921531,0.418924,0.574169,0.920987,0.078469,55856,77476,909869,5375,61231,133332
104,dataset/Expert/00009437_008_expert.png,dataset/sample_2/00009437_008_s2.png,5,28884,17490,0.575883,0.404379,0.729120,0.566884,0.963190,0.555769,0.575810,0.754302,0.057908,60.000000,0.491610,0.188483,0.029534,0.002888,0.462297,0.995943,0.763465,0.575883,0.981243,0.004057,13353,4137,1015555,15531,28884,17490
105,dataset/Expert/00009507_004_expert.png,dataset/sample_2/00009507_004_s2.png,3,31191,33516,0.799573,0.666074,0.910929,0.793201,0.975570,0.782766,0.799525,0.964069,0.122600,60.108236,0.534453,0.152061,0.023046,0.000983,0.829374,0.992484,0.771840,0.799573,0.987632,0.007516,25869,7647,1009738,5322,31191,33516
106,dataset/Expert/00009619_000_expert.png,dataset/sample_2/00009619_000_s2.png,5,36058,34518,0.828384,0.707043,0.902737,0.822410,0.977165,0.812249,0.828339,0.978180,0.139280,56.356011,0.438747,0.146204,0.021843,0.000812,0.810694,0.994779,0.846863,0.828384,0.988449,0.005221,29232,5286,1007232,6826,36058,34518
107,dataset/Expert/00010060_038_expert.png,dataset/sample_2/00010060_038_s2.png,2,16356,275408,0.093836,0.049228,0.791695,0.066342,0.622871,0.043426,0.092849,0.112118,0.016596,495.025252,1.205975,0.913481,0.267079,0.037870,0.836941,0.746450,0.049704,0.093836,0.747862,0.253550,13689,261719,770501,2667,16356,275408
108,dataset/Expert/00010103_014_expert.png,dataset/sample_2/00010103_014_s2.png,5,57511,71280,0.316994,0.188350,0.651808,0.272849,0.846295,0.246974,0.316666,0.893090,0.030877,425.836823,1.998302,0.603217,0.131819,0.008450,0.354941,0.948674,0.286378,0.316994,0.916110,0.051326,20413,50867,940198,37098,57511,71280
109,dataset/Expert/00010277_000_expert.png,dataset/sample_2/00010277_000_s2.png,3,90200,73274,0.832450,0.712989,0.874443,0.818450,0.949122,0.793478,0.832348,0.896461,0.251599,171.000000,0.261028,0.285324,0.047024,0.000789,0.754346,0.994541,0.928597,0.832450,0.973879,0.005459,68042,5232,953144,22158,90200,73274
110,dataset/Expert/00010381_000_expert.png,dataset/sample_2/00010381_000_s2.png,3,49307,0,0,0,0,0,0,0,0,0,0,0,0,0,0,0,0,0,0,0,0,0,0,0,0,0,0,0
111,dataset/Expert/00010447_018_expert.png,dataset/sample_2/00010447_018_s2.png,3,56672,33489,0.644580,0.475558,0.754136,0.629713,0.940747,0.608738,0.644461,0.742871,0.110926,403.774690,1.082891,0.285510,0.048270,0.002162,0.512740,0.995533,0.867688,0.644580,0.969440,0.004467,29058,4431,987473,27614,56672,33489
112,dataset/Expert/00010815_006_expert.png,dataset/sample_2/00010815_006_s2.png,4,53289,64085,0.900029,0.818230,0.989940,0.894155,0.977870,0.882966,0.899985,0.908021,0.243296,132.060592,0.211259,0.135139,0.020492,0.000436,0.991199,0.988682,0.824218,0.900029,0.988810,0.011318,52820,11265,984022,469,53289,64085
113,dataset/Expert/00010936_016_expert.png,dataset/sample_2/00010936_016_s2.png,2,17665,18525,0.829014,0.707962,0.922887,0.826013,0.988267,0.820967,0.828991,0.976237,0.085451,33.241540,0.116581,0.080579,0.011157,0.000809,0.849193,0.996582,0.809771,0.829014,0.994099,0.003418,15001,3524,1027387,2664,17665,18525
114,dataset/Expert/00011157_001_expert.png,dataset/sample_2/00011157_001_s2.png,4,58774,65785,0.649283,0.480695,0.831200,0.627211,0.920149,0.597793,0.649120,0.943713,0.125789,106.887792,0.389349,0.398205,0.073682,0.002118,0.688008,0.974391,0.614684,0.649283,0.958339,0.025609,40437,25348,964454,18337,58774,65785
115,dataset/Expert/00011237_006_expert.png,dataset/sample_2/00011237_006_s2.png,3,39847,0,0,0,0,0,0,0,0,0,0,0,0,0,0,0,0,0,0,0,0,0,0,0,0,0,0,0
116,dataset/Expert/00011269_019_expert.png,dataset/sample_2/00011269_019_s2.png,1,3351,15807,0.349828,0.211995,0.994041,0.346381,0.976524,0.342190,0.349782,0.349828,0.019860,688.443171,1.087611,0.104187,0.014397,0.007288,1.000000,0.988083,0.211995,0.349828,0.988121,0.011917,3351,12456,1032769,0,3351,15807
117,dataset/Expert/00011355_011_expert.png,dataset/sample_2/00011355_011_s2.png,4,39493,216336,0.301569,0.177557,0.900297,0.254053,0.717270,0.197945,0.300901,0.308745,0.082067,376.824893,1.358843,0.801718,0.201504,0.009082,0.976755,0.823839,0.178311,0.301569,0.829598,0.176161,38575,177761,831322,918,39493,216336
118,dataset/Expert/00011450_000_expert.png,dataset/sample_2/00011450_000_s2.png,4,49848,34132,0.747726,0.597094,0.813558,0.737585,0.960407,0.721440,0.747647,0.812860,0.135867,546.000000,0.667166,0.211141,0.033889,0.001323,0.629855,0.997262,0.919870,0.747726,0.979795,0.002738,31397,2735,995993,18451,49848,34132
119,dataset/Expert/00011502_001_expert.png,dataset/sample_2/00011502_001_s2.png,5,0,156024,0,0,0,0,0,0,0,0,0,0,0,0,0,0,0,0,0,0,0,0,0,0,0,0,0,0
120,dataset/Expert/00000072_000_expert.png,dataset/sample_3/00000072_000_s3.png,1,0,10836,0,0,0,0,0,0,0,0,0,0,0,0,0,0,0,0,0,0,0,0,0,0,0,0,0,0
121,dataset/Expert/00000150_002_expert.png,dataset/sample_3/00000150_002_s3.png,5,2729,39494,0.129266,0.069099,0.982423,0.125006,0.932335,0.120440,0.129129,0.129266,0.012440,170.038231,1.060395,0.232695,0.037485,0.026416,1.000000,0.964847,0.069099,0.129266,0.964938,0.035153,2729,36765,1009082,0,2729,39494
122,dataset/Expert/00000181_061_expert.png,dataset/sample_3/00000181_061_s3.png,4,62059,55040,0.552712,0.381895,0.749233,0.526360,0.905089,0.496968,0.552517,0.940059,0.089214,394.000000,1.368773,0.442652,0.085851,0.003174,0.521455,0.977011,0.587954,0.552712,0.950049,0.022989,32361,22679,963838,29698,62059,55040
123,dataset/Expert/00000211_019_expert.png,dataset/sample_3/00000211_019_s3.png,4,138819,204816,0.733301,0.578907,0.910486,0.683326,0.840475,0.600835,0.732959,0.807944,0.284782,116.000000,0.270424,0.706871,0.145688,0.001426,0.907614,0.913359,0.615157,0.733301,0.912599,0.086641,125994,78822,830935,12825,138819,204816
124,dataset/Expert/00000211_041_expert.png,dataset/sample_3/00000211_041_s3.png,3,124276,221616,0.606155,0.434879,0.858597,0.535630,0.773922,0.439011,0.605646,0.718583,0.187420,129.321305,0.578696,0.894302,0.200708,0.002548,0.843542,0.873651,0.473034,0.606155,0.870083,0.126349,104832,116784,807516,19444,124276,221616
125,dataset/Expert/00000344_003_expert.png,dataset/sample_3/00000344_003_s3.png,2,30639,22077,0.007891,0.003961,0.492653,0,0.905221,0,0.007697,0.837583,0.000288,230.867928,3.834600,0.337207,0.070482,0.493024,0.006789,0.978516,0.009422,0.007891,0.950123,0.021484,208,21869,996068,30431,30639,22077
126,dataset/Expert/00000468_033_expert.png,dataset/sample_3/00000468_033_s3.png,2,5520,6318,0.893732,0.807880,0.978674,0.893132,0.997603,0.892048,0.893727,0.932590,0.040582,7.280110,0.230157,0.019361,0.002240,0.000466,0.958333,0.999014,0.837290,0.893732,0.998800,0.000986,5290,1028,1042028,230,5520,6318
127,dataset/Expert/00000808_002_expert.png,dataset/sample_3/00000808_002_s3.png,2,20972,38304,0.501856,0.334985,0.843215,0.488638,0.945266,0.474076,0.501746,0.707605,0.055002,380.474703,0.962958,0.257587,0.042617,0.003893,0.709231,0.977199,0.388315,0.501856,0.971840,0.022801,14874,23430,1004174,6098,20972,38304
128,dataset/Expert/00000830_000_expert.png,dataset/sample_3/00000830_000_s3.png,3,4889,44950,0.196192,0.108765,0.980808,0.189374,0.926509,0.181781,0.196043,0.196192,0.021550,482.570202,1.127705,0.255009,0.042361,0.016067,1.000000,0.961616,0.108765,0.196192,0.961795,0.038384,4889,40061,1003626,0,4889,44950
129,dataset/Expert/00000974_002_expert.png,dataset/sample_3/00000974_002_s3.png,1,25300,0,0,0,0,0,0,0,0,0,0,0,0,0,0,0,0,0,0,0,0,0,0,0,0,0,0,0
130,dataset/Expert/00001075_024_expert.png,dataset/sample_3/00001075_024_s3.png,3,54921,30845,0.556864,0.385871,0.713898,0.539516,0.930137,0.518290,0.556722,0.719283,0.082637,451.159617,1.276207,0.322589,0.055713,0.003121,0.434806,0.992991,0.774194,0.556864,0.963755,0.007009,23880,6965,986690,31041,54921,30845
131,dataset/Expert/00001187_006_expert.png,dataset/sample_3/00001187_006_s3.png,2,52405,0,0,0,0,0,0,0,0,0,0,0,0,0,0,0,0,0,0,0,0,0,0,0,0,0,0,0
132,dataset/Expert/00002350_001_expert.png,dataset/sample_3/00002350_001_s3.png,5,13134,13261,0.700360,0.538888,0.849933,0.696541,0.985029,0.691153,0.700331,0.995188,0.050678,563.888287,0.831521,0.093617,0.013910,0.001678,0.703746,0.996120,0.697006,0.700360,0.992457,0.003880,9243,4018,1031424,3891,13134,13261
133,dataset/Expert/00002578_000_expert.png,dataset/sample_3/00002578_000_s3.png,4,116908,4740,0.042549,0.021737,0.509914,0.034157,0.802523,0.029870,0.042115,0.077930,0.003697,820.883670,3.694777,0.538724,0.115537,0.088244,0.022137,0.997690,0.545992,0.042549,0.888924,0.002310,2588,2152,929516,114320,116908,4740
134,dataset/Expert/00002583_014_expert.png,dataset/sample_3/00002583_014_s3.png,4,17593,130880,0.236986,0.134421,0.945059,0.213728,0.807267,0.186959,0.236563,0.236986,0.051870,214.114455,0.537442,0.562255,0.122562,0.012626,1.000000,0.890117,0.134421,0.236986,0.891961,0.109883,17593,113287,917696,0,17593,130880
135,dataset/Expert/00002597_000_expert.png,dataset/sample_3/00002597_000_s3.png,5,0,0,0,0,0,0,0,0,0,0,0,0,0,0,0,0,0,0,0,0,0,0,0,0,0,0,0,0
136,dataset/Expert/00002706_004_expert.png,dataset/sample_3/00002706_004_s3.png,1,24489,0,0,0,0,0,0,0,0,0,0,0,0,0,0,0,0,0,0,0,0,0,0,0,0,0,0,0
137,dataset/Expert/00002711_000_expert.png,dataset/sample_3/00002711_000_s3.png,5,210024,103125,0.476751,0.312983,0.660730,0.397233,0.736308,0.313436,0.476139,0.658632,0.104653,405.000000,1.183206,0.976946,0.228388,0.004304,0.355421,0.966039,0.723850,0.476751,0.843736,0.033961,74647,28478,810074,135377,210024,103125
138,dataset/Expert/00002763_031_expert.png,dataset/sample_3/00002763_031_s3.png,4,110632,185464,0.570835,0.399419,0.828130,0.505473,0.786998,0.424332,0.570361,0.747271,0.149248,179.000000,0.686770,0.860903,0.189215,0.002948,0.763893,0.892368,0.455673,0.570835,0.878813,0.107632,84511,100953,836991,26121,110632,185464
139,dataset/Expert/00002856_009_expert.png,dataset/sample_3/00002856_009_s3.png,2,27063,22454,0.690430,0.527218,0.813195,0.683010,0.971190,0.672542,0.690373,0.906921,0.078731,59.481089,0.667399,0.164765,0.025709,0.001758,0.631637,0.994753,0.761290,0.690430,0.985381,0.005247,17094,5360,1016153,9969,27063,22454
140,dataset/Expert/00002980_000_expert.png,dataset/sample_3/00002980_000_s3.png,5,93912,174926,0.623818,0.453296,0.898746,0.574190,0.825710,0.502594,0.623440,0.698651,0.192843,157.546818,0.353756,0.699701,0.147564,0.002365,0.892889,0.904602,0.479363,0.623818,0.903553,0.095398,83853,91073,863591,10059,93912,174926
141,dataset/Expert/00003072_028_expert.png,dataset/sample_3/00003072_028_s3.png,2,148573,128700,0.598248,0.426786,0.753696,0.537400,0.810102,0.463290,0.597832,0.928327,0.147989,638.000000,1.043558,0.829850,0.182599,0.002634,0.558237,0.949155,0.644437,0.598248,0.893765,0.050845,82939,45761,854242,65634,148573,128700
142,dataset/Expert/00003333_002_expert.png,dataset/sample_3/00003333_002_s3.png,3,71951,115830,0.734110,0.579917,0.954965,0.709521,0.909302,0.669112,0.733924,0.766329,0.225170,116.275535,0.411124,0.411719,0.077109,0.001420,0.957957,0.951973,0.595062,0.734110,0.952384,0.048027,68926,46904,929721,3025,71951,115830
143,dataset/Expert/00003391_001_expert.png,dataset/sample_3/00003391_001_s3.png,3,34614,80726,0.049419,0.025336,0.502766,0.003367,0.812744,0.002973,0.049010,0.600208,0.000010,273.000000,3.308073,0.600722,0.136481,0.075432,0.082337,0.923196,0.035305,0.049419,0.895439,0.076804,2850,77876,936086,31764,34614,80726
144,dataset/Expert/00003400_003_expert.png,dataset/sample_3/00003400_003_s3.png,3,66390,55418,0.477456,0.313591,0.705593,0.445512,0.885966,0.415144,0.477219,0.909924,0.068888,467.831166,1.119035,0.501073,0.100732,0.004292,0.438003,0.973183,0.524721,0.477456,0.939299,0.026817,29079,26339,955847,37311,66390,55418
145,dataset/Expert/00003787_003_expert.png,dataset/sample_3/00003787_003_s3.png,3,20247,20280,0.826609,0.704462,0.911925,0.823193,0.986687,0.817459,0.826583,0.999186,0.092495,30.870698,0.387890,0.090275,0.012806,0.000823,0.827283,0.996567,0.825937,0.826609,0.993299,0.003433,16750,3530,1024799,3497,20247,20280
146,dataset/Expert/00003894_005_expert.png,dataset/sample_3/00003894_005_s3.png,5,108108,128480,0.856527,0.749057,0.954176,0.838435,0.937353,0.804493,0.856400,0.913893,0.332430,30.805844,0.139113,0.350470,0.059221,0.000657,0.937229,0.971123,0.788621,0.856527,0.967628,0.028877,101322,27158,913310,6786,108108,128480
147,dataset/Expert/00003973_008_expert.png,dataset/sample_3/00003973_008_s3.png,1,74644,43956,0.535818,0.365950,0.706583,0.509960,0.900509,0.479974,0.535613,0.741248,0.090888,351.000000,1.170473,0.439584,0.081377,0.003397,0.425674,0.987492,0.722859,0.535818,0.947498,0.012508,31774,12182,961750,42870,74644,43956
148,dataset/Expert/00004808_090_expert.png,dataset/sample_3/00004808_090_s3.png,4,197128,105560,0.524785,0.355734,0.686102,0.453069,0.763279,0.370110,0.524247,0.697484,0.127590,421.000000,1.057534,0.913195,0.206566,0.003551,0.402901,0.969303,0.752397,0.524785,0.862822,0.030697,79423,26137,825311,117705,197128,105560
149,dataset/Expert/00004911_018_expert.png,dataset/sample_3/00004911_018_s3.png,4,17278,9180,0.551138,0.380393,0.710075,0.545946,0.977605,0.539604,0.551094,0.693930,0.037256,293.293368,1.367165,0.119086,0.017143,0.003194,0.421982,0.998168,0.794227,0.551138,0.988674,0.001832,7291,1889,1029409,9987,17278,9180
150,dataset/Expert/00005089_014_expert.png,dataset/sample_3/00005089_014_s3.png,4,15546,147530,0.190660,0.105375,0.936118,0.168351,0.779947,0.143381,0.190167,0.190660,0.042957,423.494982,0.995921,0.611452,0.139133,0.016647,1.000000,0.872236,0.105375,0.190660,0.874130,0.127764,15546,131984,901046,0,15546,147530
151,dataset/Expert/00005215_000_expert.png,dataset/sample_3/00005215_000_s3.png,5,0,0,0,0,0,0,0,0,0,0,0,0,0,0,0,0,0,0,0,0,0,0,0,0,0,0,0,0
152,dataset/Expert/00005353_000_expert.png,dataset/sample_3/00005353_000_s3.png,5,124388,87478,0.728460,0.572896,0.804613,0.698972,0.896290,0.652076,0.728246,0.825786,0.222640,217.020736,0.636925,0.494253,0.092525,0.001462,0.620381,0.988844,0.882142,0.728460,0.945135,0.011156,77168,10310,913878,47220,124388,87478
153,dataset/Expert/00006323_009_expert.png,dataset/sample_3/00006323_009_s3.png,2,32216,0,0,0,0,0,0,0,0,0,0,0,0,0,0,0,0,0,0,0,0,0,0,0,0,0,0,0
154,dataset/Expert/00006948_002_expert.png,dataset/sample_3/00006948_002_s3.png,4,88884,11904,0.179327,0.098495,0.549342,0.162558,0.854680,0.148402,0.179019,0.236219,0.022559,597.608568,2.763789,0.463268,0.089350,0.017947,0.101672,0.997013,0.759157,0.179327,0.921118,0.002987,9037,2867,956825,79847,88884,11904
155,dataset/Expert/00007034_016_expert.png,dataset/sample_3/00007034_016_s3.png,1,144984,16107,0.000000,0.000000,0.491087,0,0.739946,0,0,0.199974,0.003325,651.400031,7.577137,0.687566,0.168715,0,0.000000,0.982174,0.000000,0.000000,0.846372,0.017826,0,16107,887485,144984,144984,16107
156,dataset/Expert/00007558_006_expert.png,dataset/sample_3/00007558_006_s3.png,3,12863,0,0,0,0,0,0,0,0,0,0,0,0,0,0,0,0,0,0,0,0,0,0,0,0,0,0,0
157,dataset/Expert/00007882_001_expert.png,dataset/sample_3/00007882_001_s3.png,4,167256,12036,0.109230,0.057770,0.527999,0.089736,0.741777,0.073322,0.108634,0.134261,0.017613,616.105510,2.077940,0.688348,0.163236,0.031980,0.058545,0.997454,0.813559,0.109230,0.847691,0.002546,9792,2244,879076,157464,167256,12036
158,dataset/Expert/00008008_027_expert.png,dataset/sample_3/00008008_027_s3.png,2,68865,10088,0.241967,0.137635,0.569080,0.229028,0.892362,0.214910,0.241744,0.255544,0.033845,589.502332,1.664593,0.360149,0.065433,0.012285,0.138706,0.999453,0.946868,0.241967,0.942924,0.000547,9552,536,979175,59313,68865,10088
159,dataset/Expert/00008386_000_expert.png,dataset/sample_3/00008386_000_s3.png,2,6715,2940,0.609011,0.437826,0.718913,0.607480,0.992826,0.605273,0.608997,0.609011,0.021479,37.576588,0.791872,0.040727,0.005176,0.002518,0.437826,1.000000,1.000000,0.609011,0.996400,0.000000,2940,0,1041861,3775,6715,2940
160,dataset/Expert/00008547_001_expert.png,dataset/sample_3/00008547_001_s3.png,3,52810,20448,0.350132,0.212218,0.617598,0.331333,0.913318,0.315193,0.349955,0.558246,0.036800,728.659729,1.666668,0.352968,0.061877,0.007279,0.242852,0.992345,0.627201,0.350132,0.954597,0.007655,12825,7623,988143,39985,52810,20448
161,dataset/Expert/00008554_009_expert.png,dataset/sample_3/00008554_009_s3.png,2,30794,38808,0.325163,0.194146,0.670231,0.302315,0.914425,0.287844,0.324988,0.884860,0.026636,146.102704,2.098627,0.366350,0.070656,0.008139,0.367474,0.972988,0.291589,0.325163,0.955206,0.027012,11316,27492,990290,19478,30794,38808
162,dataset/Expert/00008814_010_expert.png,dataset/sample_3/00008814_010_s3.png,2,18345,84531,0.351724,0.213389,0.960860,0.332534,0.880886,0.309157,0.351476,0.356643,0.063528,445.193216,1.352730,0.404423,0.077405,0.007228,0.986209,0.935511,0.214028,0.351724,0.936398,0.064489,18092,66439,963792,253,18345,84531
163,dataset/Expert/00009368_006_expert.png,dataset/sample_3/00009368_006_s3.png,4,61231,7452,0.216997,0.121703,0.560852,0.206948,0.902685,0.195600,0.216797,0.216997,0.029738,392.720002,1.087364,0.322496,0.057530,0.014150,0.121703,1.000000,1.000000,0.216997,0.948712,0.000000,7452,0,987345,53779,61231,7452
164,dataset/Expert/00009437_008_expert.png,dataset/sample_3/00009437_008_s3.png,5,28884,52452,0.416470,0.263001,0.775775,0.394975,0.913571,0.375651,0.416293,0.710239,0.047488,609.000000,1.381281,0.373446,0.067457,0.005495,0.586380,0.965171,0.322905,0.416470,0.954737,0.034829,16937,35515,984177,11947,28884,52452
165,dataset/Expert/00009507_004_expert.png,dataset/sample_3/00009507_004_s3.png,3,31191,44370,0.808062,0.677940,0.982586,0.801114,0.972720,0.789206,0.808008,0.825585,0.147646,60.108236,0.256434,0.150630,0.023544,0.000931,0.978776,0.986396,0.688055,0.808062,0.986169,0.013604,30529,13841,1003544,662,31191,44370
166,dataset/Expert/00009619_000_expert.png,dataset/sample_3/00009619_000_s3.png,5,36058,12426,0.459038,0.297891,0.653666,0.449332,0.951225,0.437558,0.458940,0.512581,0.048488,391.062655,1.411316,0.211788,0.033587,0.004621,0.308614,0.998718,0.895542,0.459038,0.974987,0.001282,11128,1298,1011220,24930,36058,12426
167,dataset/Expert/00010060_038_expert.png,dataset/sample_3/00010060_038_s3.png,2,16356,0,0,0,0,0,0,0,0,0,0,0,0,0,0,0,0,0,0,0,0,0,0,0,0,0,0,0
168,dataset/Expert/00010103_014_expert.png,dataset/sample_3/00010103_014_s3.png,5,57511,1974,0.000000,0.000000,0.499004,0,0.892978,0,0,0.066370,0.000153,566.467122,2.004670,0.326089,0.058608,0,0.000000,0.998008,0.000000,0.000000,0.943271,0.001992,0,1974,989091,57511,57511,1974
169,dataset/Expert/00010277_000_expert.png,dataset/sample_3/00010277_000_s3.png,3,90200,187162,0.552044,0.381257,0.866675,0.493209,0.791099,0.416935,0.551580,0.650414,0.152414,189.504617,0.853046,0.794987,0.174441,0.003182,0.848758,0.884592,0.409047,0.552044,0.881510,0.115408,76558,110604,847772,13642,90200,187162
170,dataset/Expert/00010381_000_expert.png,dataset/sample_3/00010381_000_s3.png,3,49307,164160,0.369490,0.226610,0.837506,0.320335,0.776236,0.269644,0.368988,0.461964,0.074534,178.314329,0.660265,0.750550,0.166240,0.006692,0.799826,0.875186,0.240235,0.369490,0.871642,0.124814,39437,124723,874546,9870,49307,164160
171,dataset/Expert/00010447_018_expert.png,dataset/sample_3/00010447_018_s3.png,3,56672,53820,0.473699,0.310358,0.716952,0.444449,0.895235,0.417067,0.473483,0.974188,0.064488,329.028874,1.117750,0.466374,0.094525,0.004357,0.461780,0.972124,0.486250,0.473699,0.944542,0.027876,26170,27650,964254,30502,56672,53820
172,dataset/Expert/00010815_006_expert.png,dataset/sample_3/00010815_006_s3.png,4,53289,39886,0.856152,0.748485,0.874242,0.849609,0.974763,0.837740,0.856102,0.856152,0.191873,32.202484,0.217765,0.139349,0.022349,0.000659,0.748485,1.000000,1.000000,0.856152,0.987218,0.000000,39886,0,995287,13403,53289,39886
173,dataset/Expert/00010936_016_expert.png,dataset/sample_3/00010936_016_s3.png,2,17665,32154,0.000000,0.000000,0.484405,0,0.909492,0,0,0.709167,0.000764,427.929901,11.271233,0.319535,0.064065,0,0.000000,0.968810,0.000000,0.000000,0.952489,0.031190,0,32154,998757,17665,17665,32154
174,dataset/Expert/00011157_001_expert.png,dataset/sample_3/00011157_001_s3.png,4,58774,15494,0.338908,0.204027,0.605593,0.323076,0.910738,0.306825,0.338725,0.417246,0.041679,552.667169,1.057986,0.339215,0.059022,0.007650,0.214125,0.997061,0.812250,0.338908,0.953176,0.002939,12585,2909,986893,46189,58774,15494
175,dataset/Expert/00011237_006_expert.png,dataset/sample_3/00011237_006_s3.png,3,39847,70040,0.519079,0.350511,0.837288,0.494596,0.904282,0.466908,0.518882,0.725236,0.082943,208.081715,1.356637,0.421015,0.077200,0.003633,0.715738,0.958839,0.407196,0.519079,0.949601,0.041161,28520,41520,967209,11327,39847,70040
176,dataset/Expert/00011269_019_expert.png,dataset/sample_3/00011269_019_s3.png,1,3351,60618,0.000000,0.000000,0.471002,0,0.885432,0,0,0.104769,0.000275,747.766006,7.657425,0.349234,0.064191,0,0.000000,0.942005,0.000000,0.000000,0.938994,0.057995,0,60618,984607,3351,3351,60618
177,dataset/Expert/00011355_011_expert.png,dataset/sample_3/00011355_011_s3.png,4,39493,195195,0.304123,0.179331,0.872778,0.257612,0.737018,0.206837,0.303513,0.336557,0.070164,269.703541,0.685319,0.784499,0.187173,0.008973,0.903628,0.841928,0.182827,0.304123,0.844252,0.158072,35687,159508,849575,3806,39493,195195
178,dataset/Expert/00011450_000_expert.png,dataset/sample_3/00011450_000_s3.png,4,49848,9603,0.315453,0.187263,0.593943,0.304776,0.925389,0.292248,0.315302,0.323056,0.039080,543.798676,1.308928,0.272848,0.046288,0.008510,0.188112,0.999774,0.976466,0.315453,0.961188,0.000226,9377,226,998502,40471,49848,9603
179,dataset/Expert/00011502_001_expert.png,dataset/sample_3/00011502_001_s3.png,5,0,140561,0,0,0,0,0,0,0,0,0,0,0,0,0,0,0,0,0,0,0,0,0,0,0,0,0,0
