case,path_orig,path_pred_mask,path_truth_mask,expert_evaluation,DICE,JACRD,AUC,KAPPA,RNDIND,ADJRIND,ICCORR,VOLSMTY,MUTINF,HDRFDST,AVGDIST,AVD,MAHLNBS,VARINFO,GCOERR,PROBDST,SNSVTY,SPCFTY,PRCISON,FMEASR,ACURCY,FALLOUT,TP,FP,TN,FN,REFVOL,SEGVOL
00000150_002.png,../dataset/Origin/00000150_002.png,../dataset/sample_1/00000150_002_s1.png,../dataset/Expert/00000150_002_expert.png,5,0.520065,0.351411,0.675705,0.519415,0.99663,0.518535,0.520059,0.520065,0.008117,15.132746,2.301135,2.301135,0.241432,0.020413,0.002281,0.003619,0.351411,1.0,1.0,0.520065,0.998312,0.0,959.0,0.0,1045847.0,1770.0,2729.0,959.0
00000181_061.png,../dataset/Origin/00000181_061.png,../dataset/sample_1/00000181_061_s1.png,../dataset/Expert/00000181_061_expert.png,4,0.519559,0.350949,0.935726,0.473689,0.807597,0.409451,0.519137,0.527403,0.159455,239.703984,19.452059,54.215427,0.748286,0.652014,0.146441,0.003626,0.985127,0.886324,0.352818,0.519559,0.892172,0.113676,61136.0,112143.0,874374.0,923.0,62059.0,173279.0
00000211_019.png,../dataset/Origin/00000211_019.png,../dataset/sample_1/00000211_019_s1.png,../dataset/Expert/00000211_019_expert.png,4,0.70867,0.548791,0.936005,0.648735,0.806597,0.546934,0.708245,0.711165,0.320121,182.784026,10.351461,18.752408,0.464696,0.718626,0.168315,0.001612,0.996492,0.875518,0.549853,0.70867,0.891534,0.124482,138332.0,113248.0,796509.0,487.0,138819.0,251580.0
00000211_041.png,../dataset/Origin/00000211_041.png,../dataset/sample_1/00000211_041_s1.png,../dataset/Expert/00000211_041_expert.png,3,0.562957,0.391747,0.872117,0.476487,0.716678,0.355639,0.562288,0.606352,0.193338,325.161498,32.287812,73.461128,0.985143,0.983307,0.244822,0.003044,0.928433,0.8158,0.403945,0.562957,0.829149,0.1842,115382.0,170256.0,754044.0,8894.0,124276.0,285638.0
00000344_003.png,../dataset/Origin/00000344_003.png,../dataset/sample_1/00000344_003_s1.png,../dataset/Expert/00000344_003_expert.png,2,0.169319,0.092489,0.776563,0.1237,0.654238,0.086855,0.168448,0.218377,0.028011,516.434894,116.957004,943.268882,1.697475,0.926791,0.249307,0.019239,0.775352,0.777774,0.095036,0.169319,0.777703,0.222226,23756.0,226212.0,791725.0,6883.0,30639.0,249968.0
00000468_033.png,../dataset/Origin/00000468_033.png,../dataset/sample_1/00000468_033_s1.png,../dataset/Expert/00000468_033_expert.png,2,0.244048,0.138984,0.836705,0.23743,0.955723,0.231887,0.24396,0.351369,0.0153,562.275733,78.535179,364.579015,1.031884,0.183896,0.027372,0.012147,0.694565,0.978845,0.148031,0.244048,0.977348,0.021155,3834.0,22066.0,1020990.0,1686.0,5520.0,25900.0
00000808_002.png,../dataset/Origin/00000808_002.png,../dataset/sample_1/00000808_002_s1.png,../dataset/Expert/00000808_002_expert.png,2,0.233938,0.132463,0.91284,0.206082,0.781711,0.175597,0.23345,0.245749,0.049747,275.753513,47.971868,341.39107,0.792729,0.633399,0.142153,0.012842,0.951936,0.873743,0.133355,0.233938,0.875307,0.126257,19964.0,129742.0,897862.0,1008.0,20972.0,149706.0
00000830_000.png,../dataset/Origin/00000830_000.png,../dataset/sample_1/00000830_000_s1.png,../dataset/Expert/00000830_000_expert.png,3,0.243452,0.138597,0.832084,0.237611,0.961224,0.232786,0.243375,0.356679,0.01382,429.336698,47.615496,213.361925,1.012664,0.164861,0.023968,0.012187,0.682553,0.981615,0.148147,0.243452,0.980221,0.018385,3337.0,19188.0,1024499.0,1552.0,4889.0,22525.0
00001075_024.png,../dataset/Origin/00001075_024.png,../dataset/sample_1/00001075_024_s1.png,../dataset/Expert/00001075_024_expert.png,3,0.642036,0.472793,0.756268,0.627194,0.941345,0.606552,0.641917,0.760066,0.107601,264.599698,33.689945,33.326694,0.806791,0.286055,0.048279,0.002186,0.517798,0.994739,0.84471,0.642036,0.969758,0.005261,28438.0,5228.0,988427.0,26483.0,54921.0,33666.0
00001187_006.png,../dataset/Origin/00001187_006.png,../dataset/sample_1/00001187_006_s1.png,../dataset/Expert/00001187_006_expert.png,2,0.224343,0.126344,0.638668,0.165209,0.769272,0.139055,0.223822,0.582621,0.01747,298.377278,67.037644,135.31843,0.675125,0.785254,0.178928,0.013559,0.385059,0.892278,0.15828,0.224343,0.866928,0.107722,20179.0,107310.0,888861.0,32226.0,52405.0,127489.0
00002350_001.png,../dataset/Origin/00002350_001.png,../dataset/sample_1/00002350_001_s1.png,../dataset/Expert/00002350_001_expert.png,5,0.866004,0.763674,0.930239,0.864312,0.993339,0.861351,0.865991,0.995488,0.071875,20.099751,0.684216,0.682039,0.284978,0.049752,0.006443,0.000607,0.862114,0.998365,0.869929,0.866004,0.996658,0.001635,11323.0,1693.0,1033749.0,1811.0,13134.0,13016.0
00002578_000.png,../dataset/Origin/00002578_000.png,../dataset/sample_1/00002578_000_s1.png,../dataset/Expert/00002578_000_expert.png,4,0.790707,0.653859,0.885343,0.764158,0.910192,0.719155,0.790523,0.990326,0.267495,154.149278,8.747709,8.79343,0.348143,0.480298,0.088334,0.001038,0.798431,0.972255,0.783131,0.790707,0.952875,0.027745,93343.0,25849.0,905819.0,23565.0,116908.0,119192.0
00002583_014.png,../dataset/Origin/00002583_014.png,../dataset/sample_1/00002583_014_s1.png,../dataset/Expert/00002583_014_expert.png,4,0.718214,0.560323,0.938526,0.712472,0.976917,0.7038,0.718169,0.809711,0.07924,150.585524,6.995237,10.124609,0.114039,0.131348,0.019472,0.001539,0.887001,0.990051,0.603395,0.718214,0.988322,0.009949,15605.0,10257.0,1020726.0,1988.0,17593.0,25862.0
00002711_000.png,../dataset/Origin/00002711_000.png,../dataset/sample_1/00002711_000_s1.png,../dataset/Expert/00002711_000_expert.png,5,0.558406,0.387353,0.724022,0.447636,0.708512,0.330934,0.557712,0.998787,0.122926,218.487986,27.547324,27.568943,0.115519,1.200151,0.305193,0.003101,0.559084,0.88896,0.557729,0.558406,0.822887,0.11104,117421.0,93113.0,745439.0,92603.0,210024.0,210534.0
00002763_031.png,../dataset/Origin/00002763_031.png,../dataset/sample_1/00002763_031_s1.png,../dataset/Expert/00002763_031_expert.png,4,0.742655,0.590654,0.903361,0.707573,0.88206,0.650835,0.742409,0.862914,0.249375,128.968989,7.08863,8.934049,0.445836,0.569155,0.10888,0.001359,0.860637,0.946085,0.653121,0.742655,0.93707,0.053915,95214.0,50569.0,887375.0,15418.0,110632.0,145783.0
00002856_009.png,../dataset/Origin/00002856_009.png,../dataset/sample_1/00002856_009_s1.png,../dataset/Expert/00002856_009_expert.png,2,0.225424,0.12703,0.824173,0.189593,0.760122,0.157684,0.224878,0.2869,0.038258,575.127812,150.323711,889.221091,1.499196,0.716431,0.162465,0.013475,0.785722,0.862624,0.131588,0.225424,0.86064,0.137376,21264.0,140331.0,881182.0,5799.0,27063.0,161595.0
00002980_000.png,../dataset/Origin/00002980_000.png,../dataset/sample_1/00002980_000_s1.png,../dataset/Expert/00002980_000_expert.png,5,0.557041,0.386041,0.711942,0.526291,0.883302,0.488593,0.556798,0.724793,0.110918,88.549421,11.775088,9.695708,0.502397,0.503395,0.095883,0.003118,0.436824,0.987059,0.768552,0.557041,0.937779,0.012941,41023.0,12354.0,942310.0,52889.0,93912.0,53377.0
00003072_028.png,../dataset/Origin/00003072_028.png,../dataset/sample_1/00003072_028_s1.png,../dataset/Expert/00003072_028_expert.png,2,0.372862,0.229152,0.633555,0.271952,0.712644,0.209805,0.372181,0.978213,0.042064,277.0,50.576643,49.531581,0.610192,1.077247,0.2825,0.006596,0.364912,0.902199,0.381167,0.372862,0.826071,0.097801,54216.0,88021.0,811982.0,94357.0,148573.0,142237.0
00003333_002.png,../dataset/Origin/00003333_002.png,../dataset/sample_1/00003333_002_s1.png,../dataset/Expert/00003333_002_expert.png,3,0.678514,0.513448,0.90418,0.649432,0.894672,0.606357,0.678296,0.791027,0.17938,479.504953,53.763649,81.683948,0.920897,0.486239,0.091253,0.001858,0.857764,0.950595,0.561232,0.678514,0.944225,0.049405,61717.0,48250.0,928375.0,10234.0,71951.0,109967.0
00003391_001.png,../dataset/Origin/00003391_001.png,../dataset/sample_1/00003391_001_s1.png,../dataset/Expert/00003391_001_expert.png,3,0.439643,0.281758,0.722815,0.419304,0.924304,0.401581,0.439489,0.938965,0.046255,229.810792,47.027936,50.942297,1.536391,0.346543,0.065686,0.004998,0.468221,0.977408,0.414353,0.439643,0.9606,0.022592,16207.0,22907.0,991055.0,18407.0,34614.0,39114.0
00003400_003.png,../dataset/Origin/00003400_003.png,../dataset/sample_1/00003400_003_s1.png,../dataset/Expert/00003400_003_expert.png,3,0.436924,0.279529,0.692675,0.400587,0.87257,0.369661,0.436657,0.957468,0.058551,168.077363,36.53613,35.456498,1.295198,0.543413,0.114353,0.005054,0.419099,0.96625,0.456333,0.436924,0.931607,0.03375,27824.0,33149.0,949037.0,38566.0,66390.0,60973.0
00003787_003.png,../dataset/Origin/00003787_003.png,../dataset/sample_1/00003787_003_s1.png,../dataset/Expert/00003787_003_expert.png,3,0.542288,0.372013,0.948931,0.529429,0.941379,0.512329,0.54217,0.584835,0.077437,320.51521,46.821805,113.040798,0.87467,0.25498,0.04267,0.00331,0.927248,0.970613,0.383198,0.542288,0.969776,0.029387,18774.0,30219.0,998110.0,1473.0,20247.0,48993.0
00003894_005.png,../dataset/Origin/00003894_005.png,../dataset/sample_1/00003894_005_s1.png,../dataset/Expert/00003894_005_expert.png,5,0.793001,0.657002,0.945271,0.764979,0.903922,0.715652,0.792803,0.843556,0.298947,110.0,5.449568,7.282624,0.411771,0.468591,0.087193,0.001024,0.940069,0.950474,0.685723,0.793001,0.949401,0.049526,101629.0,46578.0,893890.0,6479.0,108108.0,148207.0
00003973_008.png,../dataset/Origin/00003973_008.png,../dataset/sample_1/00003973_008_s1.png,../dataset/Expert/00003973_008_expert.png,1,0.36441,0.2228,0.738645,0.293869,0.742683,0.237111,0.363816,0.59667,0.056663,285.0,48.459576,102.342403,1.333616,0.908789,0.210633,0.00684,0.610739,0.866551,0.259675,0.36441,0.848341,0.133449,45588.0,129970.0,843962.0,29056.0,74644.0,175558.0
00004808_090.png,../dataset/Origin/00004808_090.png,../dataset/sample_1/00004808_090_s1.png,../dataset/Expert/00004808_090_expert.png,4,0.744164,0.592564,0.908674,0.667534,0.782324,0.535039,0.743677,0.773968,0.351198,107.07941,7.722986,12.117128,0.131974,0.873452,0.202492,0.001348,0.961492,0.855856,0.606969,0.744164,0.875715,0.144144,189537.0,122731.0,728717.0,7591.0,197128.0,312268.0
00004911_018.png,../dataset/Origin/00004911_018.png,../dataset/sample_1/00004911_018_s1.png,../dataset/Expert/00004911_018_expert.png,4,0.441247,0.283077,0.641538,0.437155,0.976653,0.43188,0.441201,0.441247,0.028671,308.520664,74.369777,74.369777,1.271887,0.106671,0.015157,0.004966,0.283077,1.0,1.0,0.441247,0.988187,0.0,4891.0,0.0,1031298.0,12387.0,17278.0,4891.0
00005089_014.png,../dataset/Origin/00005089_014.png,../dataset/sample_1/00005089_014_s1.png,../dataset/Expert/00005089_014_expert.png,4,0.602199,0.430819,0.810994,0.595954,0.975666,0.588382,0.602151,0.957531,0.046367,160.44002,15.881466,17.077675,0.648192,0.13776,0.021727,0.002591,0.628908,0.993081,0.577666,0.602199,0.987681,0.006919,9777.0,7148.0,1025882.0,5769.0,15546.0,16925.0
00005353_000.png,../dataset/Origin/00005353_000.png,../dataset/sample_1/00005353_000_s1.png,../dataset/Expert/00005353_000_expert.png,5,0.835785,0.717896,0.907342,0.813646,0.925009,0.773492,0.835632,0.998527,0.314286,78.243211,3.033312,3.037274,0.439576,0.423236,0.074355,0.000771,0.837018,0.977667,0.834556,0.835785,0.960982,0.022333,104115.0,20640.0,903548.0,20273.0,124388.0,124755.0
00006323_009.png,../dataset/Origin/00006323_009.png,../dataset/sample_1/00006323_009_s1.png,../dataset/Expert/00006323_009_expert.png,2,0.176298,0.096671,0.814695,0.128029,0.61975,0.08181,0.175298,0.198249,0.037785,527.82194,92.817193,840.340072,1.389726,0.976832,0.28334,0.018322,0.889279,0.740111,0.097848,0.176298,0.744694,0.259889,28649.0,264141.0,752219.0,3567.0,32216.0,292790.0
00006948_002.png,../dataset/Origin/00006948_002.png,../dataset/sample_1/00006948_002_s1.png,../dataset/Expert/00006948_002_expert.png,4,0.775266,0.633008,0.901517,0.752887,0.921552,0.71599,0.775106,0.931615,0.230811,81.743501,4.390288,4.847945,0.413496,0.417224,0.074251,0.001137,0.832175,0.970859,0.725643,0.775266,0.959104,0.029141,73967.0,27966.0,931726.0,14917.0,88884.0,101933.0
00007558_006.png,../dataset/Origin/00007558_006.png,../dataset/sample_1/00007558_006_s1.png,../dataset/Expert/00007558_006_expert.png,3,0.368957,0.226209,0.962227,0.356181,0.922292,0.34079,0.368799,0.382332,0.04988,535.0,102.970194,435.473911,1.302365,0.290138,0.050061,0.006707,0.965016,0.959438,0.22808,0.368957,0.959506,0.040562,12413.0,42011.0,993702.0,450.0,12863.0,54424.0
00007882_001.png,../dataset/Origin/00007882_001.png,../dataset/sample_1/00007882_001_s1.png,../dataset/Expert/00007882_001_expert.png,4,0.549868,0.379185,0.836507,0.416661,0.62237,0.230972,0.548878,0.568386,0.204044,405.738832,35.428265,88.961527,0.222968,1.197012,0.352837,0.00321,0.967421,0.705593,0.38409,0.549868,0.747356,0.294407,161807.0,259467.0,621853.0,5449.0,167256.0,421274.0
00008008_027.png,../dataset/Origin/00008008_027.png,../dataset/sample_1/00008008_027_s1.png,../dataset/Expert/00008008_027_expert.png,2,0.19903,0.110513,0.557916,0.176899,0.876464,0.164176,0.198771,0.409401,0.016866,305.085234,91.720846,74.717771,0.449052,0.439523,0.081938,0.015782,0.125129,0.990703,0.48615,0.19903,0.933857,0.009297,8617.0,9108.0,970603.0,60248.0,68865.0,17725.0
00008386_000.png,../dataset/Origin/00008386_000.png,../dataset/sample_1/00008386_000_s1.png,../dataset/Expert/00008386_000_expert.png,2,0.042126,0.021516,0.637732,0.030388,0.80132,0.026546,0.041689,0.109685,0.002355,629.22492,204.995713,3482.546302,3.49447,0.552181,0.118182,0.08917,0.384066,0.891398,0.022285,0.042126,0.888149,0.108602,2579.0,113148.0,928713.0,4136.0,6715.0,115727.0
00008547_001.png,../dataset/Origin/00008547_001.png,../dataset/sample_1/00008547_001_s1.png,../dataset/Expert/00008547_001_expert.png,3,0.132082,0.070711,0.573424,0.053522,0.626607,0.035497,0.131109,0.351947,0.003731,353.022662,117.957606,340.122794,1.724362,1.068524,0.295951,0.025769,0.375289,0.77156,0.080144,0.132082,0.751602,0.22844,19819.0,227473.0,768293.0,32991.0,52810.0,247292.0
00008554_009.png,../dataset/Origin/00008554_009.png,../dataset/sample_1/00008554_009_s1.png,../dataset/Expert/00008554_009_expert.png,2,0.359299,0.218991,0.836408,0.329402,0.85602,0.300289,0.358993,0.481913,0.055701,588.0,113.927935,352.940111,1.377371,0.524604,0.102212,0.006993,0.745567,0.927248,0.236679,0.359299,0.921912,0.072752,22959.0,74046.0,943736.0,7835.0,30794.0,97005.0
00008814_010.png,../dataset/Origin/00008814_010.png,../dataset/sample_1/00008814_010_s1.png,../dataset/Expert/00008814_010_expert.png,2,0.387229,0.240102,0.953906,0.369614,0.899211,0.348126,0.387021,0.402819,0.063669,468.412212,88.967024,352.372917,1.208881,0.363359,0.066645,0.006206,0.961297,0.946514,0.242445,0.387229,0.946773,0.053486,17635.0,55103.0,975128.0,710.0,18345.0,72738.0
00009368_006.png,../dataset/Origin/00009368_006.png,../dataset/sample_1/00009368_006_s1.png,../dataset/Expert/00009368_006_expert.png,4,0.413168,0.260373,0.798175,0.360478,0.794381,0.309211,0.412713,0.589068,0.076055,425.586654,42.31111,95.778005,1.138629,0.752816,0.162393,0.00557,0.701393,0.894958,0.292834,0.413168,0.883655,0.105042,42947.0,103713.0,883632.0,18284.0,61231.0,146660.0
00009437_008.png,../dataset/Origin/00009437_008.png,../dataset/sample_1/00009437_008_s1.png,../dataset/Expert/00009437_008_expert.png,5,0.697512,0.535523,0.881198,0.68806,0.963651,0.674514,0.69744,0.899939,0.095979,47.010637,4.103325,4.679774,0.105975,0.202455,0.032486,0.001701,0.775066,0.98733,0.634067,0.697512,0.981483,0.01267,22387.0,12920.0,1006772.0,6497.0,28884.0,35307.0
00009507_004.png,../dataset/Origin/00009507_004.png,../dataset/sample_1/00009507_004_s1.png,../dataset/Expert/00009507_004_expert.png,3,0.573725,0.402254,0.963035,0.55509,0.917982,0.528773,0.573557,0.591905,0.113668,429.923249,61.240926,145.605071,0.933988,0.334548,0.060842,0.002914,0.969286,0.956783,0.407447,0.573725,0.957155,0.043217,30233.0,43968.0,973417.0,958.0,31191.0,74201.0
00009619_000.png,../dataset/Origin/00009619_000.png,../dataset/sample_1/00009619_000_s1.png,../dataset/Expert/00009619_000_expert.png,5,0.846731,0.7342,0.880613,0.841893,0.981193,0.83339,0.846694,0.889686,0.140225,35.805028,1.117211,1.092538,0.192924,0.117465,0.017048,0.00071,0.762605,0.998622,0.951718,0.846731,0.990506,0.001378,27498.0,1395.0,1011123.0,8560.0,36058.0,28893.0
00010060_038.png,../dataset/Origin/00010060_038.png,../dataset/sample_1/00010060_038_s1.png,../dataset/Expert/00010060_038_expert.png,2,0.178007,0.097699,0.609397,0.16146,0.932644,0.155581,0.177871,0.734853,0.008054,201.022387,47.794548,75.278467,1.448557,0.27821,0.049819,0.018109,0.242235,0.976558,0.140701,0.178007,0.965104,0.023442,3962.0,24197.0,1008023.0,12394.0,16356.0,28159.0
00010103_014.png,../dataset/Origin/00010103_014.png,../dataset/sample_1/00010103_014_s1.png,../dataset/Expert/00010103_014_expert.png,5,0.495536,0.329377,0.889951,0.452457,0.823448,0.39855,0.495153,0.565519,0.120089,104.019229,13.907587,34.100643,0.36452,0.648399,0.136042,0.003992,0.87625,0.903652,0.345446,0.495536,0.902149,0.096348,50394.0,95487.0,895578.0,7117.0,57511.0,145881.0
00010277_000.png,../dataset/Origin/00010277_000.png,../dataset/sample_1/00010277_000_s1.png,../dataset/Expert/00010277_000_expert.png,3,0.605476,0.434181,0.829321,0.561747,0.851459,0.506098,0.60516,0.840047,0.14542,263.036119,29.922859,40.742541,0.621636,0.658054,0.133802,0.002555,0.720765,0.937877,0.521983,0.605476,0.919201,0.062123,65013.0,59537.0,898839.0,25187.0,90200.0,124550.0
00010381_000.png,../dataset/Origin/00010381_000.png,../dataset/sample_1/00010381_000_s1.png,../dataset/Expert/00010381_000_expert.png,3,0.293979,0.172319,0.615132,0.264932,0.89204,0.24848,0.293756,0.840381,0.024211,292.246471,83.606353,75.195905,2.028229,0.439638,0.087799,0.009418,0.253514,0.97675,0.349817,0.293979,0.942741,0.02325,12500.0,23233.0,976036.0,36807.0,49307.0,35733.0
00010447_018.png,../dataset/Origin/00010447_018.png,../dataset/sample_1/00010447_018_s1.png,../dataset/Expert/00010447_018_expert.png,3,0.440942,0.282826,0.705147,0.408877,0.886052,0.381242,0.440705,0.996334,0.05692,194.743421,35.667855,35.820771,0.389199,0.494488,0.103231,0.004972,0.442564,0.967731,0.439332,0.440942,0.939347,0.032269,25081.0,32008.0,959896.0,31591.0,56672.0,57089.0
00010815_006.png,../dataset/Origin/00010815_006.png,../dataset/sample_1/00010815_006_s1.png,../dataset/Expert/00010815_006_expert.png,4,0.833987,0.715247,0.923683,0.824835,0.965881,0.80894,0.833919,0.971948,0.191186,125.0,3.401649,3.553536,0.115411,0.209633,0.032751,0.000781,0.858057,0.98931,0.81123,0.833987,0.982639,0.01069,45725.0,10640.0,984647.0,7564.0,53289.0,56365.0
00010936_016.png,../dataset/Origin/00010936_016.png,../dataset/sample_1/00010936_016_s1.png,../dataset/Expert/00010936_016_expert.png,2,0.144322,0.077773,0.824145,0.11723,0.728876,0.094021,0.143689,0.178283,0.02426,426.521981,95.894953,974.994267,1.494401,0.737407,0.177466,0.023251,0.80951,0.83878,0.079223,0.144322,0.838287,0.16122,14300.0,166203.0,864708.0,3365.0,17665.0,180503.0
00011157_001.png,../dataset/Origin/00011157_001.png,../dataset/sample_1/00011157_001_s1.png,../dataset/Expert/00011157_001_expert.png,4,0.626035,0.455641,0.806542,0.603436,0.918365,0.574609,0.625869,0.983287,0.114159,103.353761,8.404035,8.632844,0.084376,0.402527,0.076272,0.002343,0.636676,0.976407,0.615744,0.626035,0.957365,0.023593,37420.0,23352.0,966450.0,21354.0,58774.0,60772.0
00011237_006.png,../dataset/Origin/00011237_006.png,../dataset/sample_1/00011237_006_s1.png,../dataset/Expert/00011237_006_expert.png,3,0.270633,0.156493,0.765861,0.223762,0.76665,0.187239,0.270105,0.411035,0.039361,424.67517,89.070297,332.526654,1.264083,0.756365,0.168405,0.010569,0.658418,0.873303,0.170321,0.270633,0.865137,0.126697,26236.0,127803.0,880926.0,13611.0,39847.0,154039.0
00011355_011.png,../dataset/Origin/00011355_011.png,../dataset/sample_1/00011355_011_s1.png,../dataset/Expert/00011355_011_expert.png,4,0.57214,0.400698,0.808159,0.553551,0.930531,0.531854,0.572,0.894448,0.082268,142.172431,20.206275,22.999124,0.54061,0.338507,0.061035,0.002933,0.639658,0.97666,0.517515,0.57214,0.963967,0.02334,25262.0,23552.0,985531.0,14231.0,39493.0,48814.0
00011450_000.png,../dataset/Origin/00011450_000.png,../dataset/sample_1/00011450_000_s1.png,../dataset/Expert/00011450_000_expert.png,4,0.641438,0.472145,0.74337,0.629336,0.949426,0.611767,0.641337,0.686828,0.102971,539.91203,37.149516,37.011854,0.642598,0.237849,0.03948,0.002192,0.488465,0.998275,0.933914,0.641438,0.974039,0.001725,24349.0,1723.0,997005.0,25499.0,49848.0,26072.0
00000150_002.png,../dataset/Origin/00000150_002.png,../dataset/sample_2/00000150_002_s2.png,../dataset/Expert/00000150_002_expert.png,5,0.469374,0.306655,0.939101,0.467338,0.989661,0.464886,0.469354,0.531503,0.015605,75.239617,10.643738,28.935218,1.203796,0.056417,0.007064,0.004433,0.883107,0.995095,0.319629,0.469374,0.994803,0.004905,2410.0,5130.0,1040717.0,319.0,2729.0,7540.0
00000181_061.png,../dataset/Origin/00000181_061.png,../dataset/sample_2/00000181_061_s2.png,../dataset/Expert/00000181_061_expert.png,4,0.383394,0.23716,0.898827,0.318157,0.691742,0.234129,0.382648,0.383394,0.126979,319.765539,42.282488,178.286992,0.827669,0.88081,0.235518,0.006307,1.0,0.797655,0.23716,0.383394,0.80963,0.202345,62059.0,199617.0,786900.0,0.0,62059.0,261676.0
00000211_019.png,../dataset/Origin/00000211_019.png,../dataset/sample_2/00000211_019_s2.png,../dataset/Expert/00000211_019_expert.png,4,0.648426,0.479757,0.917267,0.571809,0.754098,0.448316,0.647864,0.648426,0.288329,202.0,15.154765,31.588448,0.546036,0.837164,0.212434,0.002126,1.0,0.834534,0.479757,0.648426,0.85644,0.165466,138819.0,150534.0,759223.0,0.0,138819.0,289353.0
00000211_041.png,../dataset/Origin/00000211_041.png,../dataset/sample_2/00000211_041_s2.png,../dataset/Expert/00000211_041_expert.png,5,0.354296,0.215285,0.656338,0.241619,0.673978,0.17371,0.353493,0.746393,0.03841,282.405736,70.896582,96.415717,1.351288,1.168309,0.30284,0.007147,0.474677,0.838,0.282621,0.354296,0.794939,0.162,58991.0,149737.0,774563.0,65285.0,124276.0,208728.0
00000344_003.png,../dataset/Origin/00000344_003.png,../dataset/sample_2/00000344_003_s2.png,../dataset/Expert/00000344_003_expert.png,3,0.414088,0.261104,0.945789,0.385828,0.851934,0.350076,0.413773,0.425261,0.091606,458.401571,53.532158,198.010459,1.179824,0.501714,0.102253,0.005549,0.973726,0.917851,0.262957,0.414088,0.919484,0.082149,29834.0,83622.0,934315.0,805.0,30639.0,113456.0
00000468_033.png,../dataset/Origin/00000468_033.png,../dataset/sample_2/00000468_033_s2.png,../dataset/Expert/00000468_033_expert.png,5,0.627719,0.457428,0.728714,0.626485,0.994304,0.624682,0.627708,0.627719,0.019178,18.384776,1.744897,1.744897,0.238273,0.033482,0.004163,0.002326,0.457428,1.0,1.0,0.627719,0.997144,0.0,2525.0,0.0,1043056.0,2995.0,5520.0,2525.0
00000808_002.png,../dataset/Origin/00000808_002.png,../dataset/sample_2/00000808_002_s2.png,../dataset/Expert/00000808_002_expert.png,3,0.286865,0.16745,0.609376,0.276299,0.956087,0.269894,0.286777,0.72997,0.015326,486.805916,63.300841,59.932967,2.354359,0.201344,0.032886,0.009749,0.225873,0.99288,0.392982,0.286865,0.977539,0.00712,4737.0,7317.0,1020287.0,16235.0,20972.0,12054.0
00000830_000.png,../dataset/Origin/00000830_000.png,../dataset/sample_2/00000830_000_s2.png,../dataset/Expert/00000830_000_expert.png,3,0.455999,0.295336,0.810829,0.452752,0.986149,0.449554,0.455972,0.727367,0.016709,447.794596,106.027311,184.511665,1.359379,0.077719,0.010586,0.004678,0.626918,0.994741,0.358312,0.455999,0.993026,0.005259,3065.0,5489.0,1038198.0,1824.0,4889.0,8554.0
00000974_002.png,../dataset/Origin/00000974_002.png,../dataset/sample_2/00000974_002_s2.png,../dataset/Expert/00000974_002_expert.png,4,0.396393,0.247189,0.962351,0.372099,0.863836,0.341132,0.396106,0.396393,0.085279,219.640616,36.184025,146.38226,1.235303,0.454844,0.091645,0.005972,1.0,0.924702,0.247189,0.396393,0.926518,0.075298,25300.0,77051.0,946225.0,0.0,25300.0,102351.0
00001075_024.png,../dataset/Origin/00001075_024.png,../dataset/sample_2/00001075_024_s2.png,../dataset/Expert/00001075_024_expert.png,2,0.506457,0.339098,0.68467,0.489055,0.926326,0.468804,0.506308,0.650275,0.070529,472.207581,93.363941,87.833962,1.441724,0.325248,0.056131,0.003822,0.37523,0.994111,0.778836,0.506457,0.961696,0.005889,20608.0,5852.0,987803.0,34313.0,54921.0,26460.0
00002350_001.png,../dataset/Origin/00002350_001.png,../dataset/sample_2/00002350_001_s2.png,../dataset/Expert/00002350_001_expert.png,3,0.703444,0.542548,0.84958,0.699685,0.985263,0.69436,0.703415,0.999238,0.050824,555.598776,71.20113,71.198934,0.816433,0.092443,0.013727,0.001653,0.702908,0.996251,0.70398,0.703444,0.992577,0.003749,9232.0,3882.0,1031560.0,3902.0,13134.0,13114.0
00002578_000.png,../dataset/Origin/00002578_000.png,../dataset/sample_2/00002578_000_s2.png,../dataset/Expert/00002578_000_expert.png,3,0.682317,0.517815,0.87073,0.635093,0.845438,0.565358,0.681986,0.839268,0.212562,275.0,12.907496,15.428036,0.509989,0.699521,0.142101,0.001826,0.81299,0.92847,0.587833,0.682317,0.915595,0.07153,95045.0,66642.0,865026.0,21863.0,116908.0,161687.0
00002583_014.png,../dataset/Origin/00002583_014.png,../dataset/sample_2/00002583_014_s2.png,../dataset/Expert/00002583_014_expert.png,4,0.496974,0.330649,0.730954,0.488909,0.968645,0.48087,0.496912,0.940468,0.034816,73.006849,12.808191,12.116839,0.359752,0.165025,0.027082,0.003969,0.46905,0.992857,0.528432,0.496974,0.984069,0.007143,8252.0,7364.0,1023619.0,9341.0,17593.0,15616.0
00002711_000.png,../dataset/Origin/00002711_000.png,../dataset/sample_2/00002711_000_s2.png,../dataset/Expert/00002711_000_expert.png,3,0.613793,0.442786,0.73688,0.539433,0.77442,0.442166,0.613286,0.806078,0.176429,288.0,34.008084,32.937976,0.389409,0.941265,0.210572,0.002468,0.514098,0.959663,0.761456,0.613793,0.870419,0.040337,107973.0,33825.0,804727.0,102051.0,210024.0,141798.0
00002763_031.png,../dataset/Origin/00002763_031.png,../dataset/sample_2/00002763_031_s2.png,../dataset/Expert/00002763_031_expert.png,4,0.386215,0.239323,0.656882,0.313841,0.774568,0.263752,0.385709,0.999724,0.049422,195.358645,39.289609,39.280541,0.583942,0.873402,0.21452,0.006232,0.386109,0.927656,0.386322,0.386215,0.870519,0.072344,42716.0,67855.0,870089.0,67916.0,110632.0,110571.0
00002856_009.png,../dataset/Origin/00002856_009.png,../dataset/sample_2/00002856_009_s2.png,../dataset/Expert/00002856_009_expert.png,2,0.134879,0.072316,0.735374,0.092543,0.643513,0.063678,0.13397,0.19238,0.017936,688.491104,171.228276,1577.127744,1.83447,0.936229,0.256506,0.025153,0.701105,0.769644,0.074617,0.134879,0.767875,0.230356,18974.0,235312.0,786201.0,8089.0,27063.0,254286.0
00002980_000.png,../dataset/Origin/00002980_000.png,../dataset/sample_2/00002980_000_s2.png,../dataset/Expert/00002980_000_expert.png,5,0.724272,0.567733,0.906284,0.692256,0.889122,0.641821,0.724042,0.838391,0.223789,105.422958,7.269168,9.557771,0.648152,0.528428,0.10006,0.001493,0.863883,0.948686,0.623508,0.724272,0.941091,0.051314,81129.0,48988.0,905676.0,12783.0,93912.0,130117.0
00003072_028.png,../dataset/Origin/00003072_028.png,../dataset/sample_2/00003072_028_s2.png,../dataset/Expert/00003072_028_expert.png,2,0.545817,0.375343,0.70727,0.489846,0.812037,0.425076,0.545406,0.774317,0.1242,510.30677,55.612818,52.75636,0.572033,0.775088,0.165609,0.003263,0.445316,0.969225,0.704901,0.545817,0.894992,0.030775,66162.0,27698.0,872305.0,82411.0,148573.0,93860.0
00003333_002.png,../dataset/Origin/00003333_002.png,../dataset/sample_2/00003333_002_s2.png,../dataset/Expert/00003333_002_expert.png,5,0.83055,0.710206,0.962348,0.816371,0.948242,0.790994,0.830446,0.874704,0.254671,90.138782,3.637483,4.60186,0.36818,0.282092,0.047102,0.0008,0.949521,0.975175,0.738073,0.83055,0.973414,0.024825,68319.0,24245.0,952380.0,3632.0,71951.0,92564.0
00003391_001.png,../dataset/Origin/00003391_001.png,../dataset/sample_2/00003391_001_s2.png,../dataset/Expert/00003391_001_expert.png,3,0.151063,0.081703,0.634079,0.102969,0.746203,0.084549,0.15048,0.375802,0.010027,242.0,52.120131,194.915546,1.949981,0.780406,0.180463,0.022038,0.401976,0.866182,0.093008,0.151063,0.850859,0.133818,13914.0,135686.0,878276.0,20700.0,34614.0,149600.0
00003400_003.png,../dataset/Origin/00003400_003.png,../dataset/sample_2/00003400_003_s2.png,../dataset/Expert/00003400_003_expert.png,2,0.141135,0.075925,0.538103,0.130034,0.886369,0.121583,0.140899,0.201544,0.013988,623.946312,214.153916,201.526706,2.085826,0.373341,0.067173,0.023864,0.078476,0.99773,0.700269,0.141135,0.939528,0.00227,5210.0,2230.0,979956.0,61180.0,66390.0,7440.0
00003787_003.png,../dataset/Origin/00003787_003.png,../dataset/sample_2/00003787_003_s2.png,../dataset/Expert/00003787_003_expert.png,5,0.766092,0.620866,0.951114,0.760735,0.978737,0.752175,0.76605,0.840526,0.094813,58.249464,3.235793,4.360317,0.590751,0.125149,0.018425,0.001197,0.911444,0.990785,0.660723,0.766092,0.989253,0.009215,18454.0,9476.0,1018853.0,1793.0,20247.0,27930.0
00003894_005.png,../dataset/Origin/00003894_005.png,../dataset/sample_2/00003894_005_s2.png,../dataset/Expert/00003894_005_expert.png,5,0.708283,0.548326,0.952655,0.663464,0.844572,0.5881,0.70795,0.708283,0.291988,166.337007,12.178687,22.210659,0.456578,0.592094,0.131494,0.001615,1.0,0.905311,0.548326,0.708283,0.915073,0.094689,108108.0,89052.0,851416.0,0.0,108108.0,197160.0
00003973_008.png,../dataset/Origin/00003973_008.png,../dataset/sample_2/00003973_008_s2.png,../dataset/Expert/00003973_008_expert.png,3,0.477768,0.313861,0.660369,0.457668,0.904533,0.432316,0.477572,0.520656,0.083176,395.031644,61.432991,61.236682,1.226901,0.372929,0.067884,0.004287,0.32296,0.997778,0.917628,0.477768,0.94974,0.002222,24107.0,2164.0,971768.0,50537.0,74644.0,26271.0
00004808_090.png,../dataset/Origin/00004808_090.png,../dataset/sample_2/00004808_090_s2.png,../dataset/Expert/00004808_090_expert.png,5,0.617014,0.446146,0.856293,0.482455,0.642171,0.277384,0.616099,0.617014,0.279416,182.035711,15.021967,33.670489,0.158483,1.120518,0.337503,0.002434,1.0,0.712586,0.446146,0.617014,0.766619,0.287414,197128.0,244718.0,606730.0,0.0,197128.0,441846.0
00004911_018.png,../dataset/Origin/00004911_018.png,../dataset/sample_2/00004911_018_s2.png,../dataset/Expert/00004911_018_expert.png,4,0.528583,0.359234,0.685801,0.524035,0.97836,0.518167,0.52854,0.579871,0.035309,298.32365,71.607047,71.49733,1.311199,0.108781,0.015385,0.003497,0.372207,0.999395,0.911552,0.528583,0.98906,0.000605,6431.0,624.0,1030674.0,10847.0,17278.0,7055.0
00005353_000.png,../dataset/Origin/00005353_000.png,../dataset/sample_2/00005353_000_s2.png,../dataset/Expert/00005353_000_expert.png,5,0.707273,0.547117,0.92671,0.655921,0.8303,0.571568,0.706906,0.741877,0.278825,183.861361,11.753287,19.733576,0.512942,0.692014,0.148624,0.001623,0.953356,0.900065,0.562165,0.707273,0.906386,0.099935,118586.0,92359.0,831829.0,5802.0,124388.0,210945.0
00006323_009.png,../dataset/Origin/00006323_009.png,../dataset/sample_2/00006323_009_s2.png,../dataset/Expert/00006323_009_expert.png,4,0.278265,0.161619,0.683369,0.247461,0.875976,0.229432,0.278006,0.667655,0.024744,381.588784,48.188591,83.718942,1.697687,0.481147,0.094132,0.010171,0.41678,0.949957,0.208854,0.278265,0.933576,0.050043,13427.0,50862.0,965498.0,18789.0,32216.0,64289.0
00006948_002.png,../dataset/Origin/00006948_002.png,../dataset/sample_2/00006948_002_s2.png,../dataset/Expert/00006948_002_expert.png,3,0.802971,0.670804,0.887754,0.784992,0.936256,0.754436,0.802843,0.986505,0.235985,368.10868,22.197162,22.068316,0.308771,0.357744,0.062001,0.000962,0.79228,0.983228,0.813956,0.802971,0.967042,0.016772,70421.0,16096.0,943596.0,18463.0,88884.0,86517.0
00007882_001.png,../dataset/Origin/00007882_001.png,../dataset/sample_2/00007882_001_s2.png,../dataset/Expert/00007882_001_expert.png,5,0.447732,0.288438,0.762954,0.267217,0.525677,0.048433,0.446215,0.455613,0.139165,478.338792,42.395577,143.620168,0.434457,1.350021,0.50074,0.004837,0.982703,0.543205,0.289909,0.447732,0.613308,0.456795,164363.0,402583.0,478737.0,2893.0,167256.0,566946.0
00008008_027.png,../dataset/Origin/00008008_027.png,../dataset/sample_2/00008008_027_s2.png,../dataset/Expert/00008008_027_expert.png,4,0.206841,0.11535,0.576528,0.149668,0.809341,0.131404,0.206424,0.976227,0.011222,521.0,126.55461,127.832695,1.252255,0.688833,0.166704,0.015038,0.211878,0.941179,0.202038,0.206841,0.893282,0.058821,14591.0,57628.0,922083.0,54274.0,68865.0,72219.0
00008386_000.png,../dataset/Origin/00008386_000.png,../dataset/sample_2/00008386_000_s2.png,../dataset/Expert/00008386_000_expert.png,5,0.813524,0.685663,0.986869,0.81212,0.994283,0.809755,0.813513,0.833127,0.04581,19.416488,1.08957,1.518977,0.353712,0.038134,0.004911,0.000899,0.976471,0.997266,0.697182,0.813524,0.997133,0.002734,6557.0,2848.0,1039013.0,158.0,6715.0,9405.0
00008547_001.png,../dataset/Origin/00008547_001.png,../dataset/sample_2/00008547_001_s2.png,../dataset/Expert/00008547_001_expert.png,2,0.130182,0.069623,0.534968,0.122906,0.90908,0.116701,0.129996,0.164726,0.012297,800.960673,224.709514,223.943643,2.1405,0.305063,0.052005,0.026202,0.070934,0.999002,0.790295,0.130182,0.952261,0.000998,3746.0,994.0,994772.0,49064.0,52810.0,4740.0
00008554_009.png,../dataset/Origin/00008554_009.png,../dataset/sample_2/00008554_009_s2.png,../dataset/Expert/00008554_009_expert.png,5,0.47981,0.315625,0.713813,0.465554,0.945593,0.451805,0.479701,0.908285,0.046349,84.380092,17.356714,16.069838,1.51029,0.264167,0.04661,0.004252,0.439501,0.988125,0.528259,0.47981,0.972013,0.011875,13534.0,12086.0,1005696.0,17260.0,30794.0,25620.0
00008814_010.png,../dataset/Origin/00008814_010.png,../dataset/sample_2/00008814_010_s2.png,../dataset/Expert/00008814_010_expert.png,2,0.677672,0.512484,0.94307,0.670485,0.970505,0.659968,0.677613,0.753311,0.079805,446.448205,42.158079,69.426876,0.856055,0.156643,0.023909,0.001865,0.899591,0.98655,0.543577,0.677672,0.985028,0.01345,16503.0,13857.0,1016374.0,1842.0,18345.0,30360.0
00009368_006.png,../dataset/Origin/00009368_006.png,../dataset/sample_2/00009368_006_s2.png,../dataset/Expert/00009368_006_expert.png,4,0.574169,0.402691,0.916874,0.537123,0.85446,0.485948,0.57386,0.629421,0.150939,504.572096,39.475838,85.345178,0.632842,0.568745,0.115062,0.002908,0.912218,0.921531,0.418924,0.574169,0.920987,0.078469,55856.0,77476.0,909869.0,5375.0,61231.0,133332.0
00009437_008.png,../dataset/Origin/00009437_008.png,../dataset/sample_2/00009437_008_s2.png,../dataset/Expert/00009437_008_expert.png,5,0.575883,0.404379,0.72912,0.566884,0.96319,0.555769,0.57581,0.754302,0.057908,60.0,7.338524,6.85155,0.49161,0.188483,0.029534,0.002888,0.462297,0.995943,0.763465,0.575883,0.981243,0.004057,13353.0,4137.0,1015555.0,15531.0,28884.0,17490.0
00009507_004.png,../dataset/Origin/00009507_004.png,../dataset/sample_2/00009507_004_s2.png,../dataset/Expert/00009507_004_expert.png,5,0.799573,0.666074,0.910929,0.793201,0.97557,0.782766,0.799525,0.964069,0.1226,60.108236,3.06356,3.210624,0.534453,0.152061,0.023046,0.000983,0.829374,0.992484,0.77184,0.799573,0.987632,0.007516,25869.0,7647.0,1009738.0,5322.0,31191.0,33516.0
00009619_000.png,../dataset/Origin/00009619_000.png,../dataset/sample_2/00009619_000_s2.png,../dataset/Expert/00009619_000_expert.png,5,0.828384,0.707043,0.902737,0.82241,0.977165,0.812249,0.828339,0.97818,0.13928,56.356011,2.128136,2.064086,0.438747,0.146204,0.021843,0.000812,0.810694,0.994779,0.846863,0.828384,0.988449,0.005221,29232.0,5286.0,1007232.0,6826.0,36058.0,34518.0
00010060_038.png,../dataset/Origin/00010060_038.png,../dataset/sample_2/00010060_038_s2.png,../dataset/Expert/00010060_038_expert.png,1,0.093836,0.049228,0.791695,0.066342,0.622871,0.043426,0.092849,0.112118,0.016596,495.025252,108.873422,1824.964637,1.205975,0.913481,0.267079,0.03787,0.836941,0.74645,0.049704,0.093836,0.747862,0.25355,13689.0,261719.0,770501.0,2667.0,16356.0,275408.0
00010103_014.png,../dataset/Origin/00010103_014.png,../dataset/sample_2/00010103_014_s2.png,../dataset/Expert/00010103_014_expert.png,3,0.316994,0.18835,0.651808,0.272849,0.846295,0.246974,0.316666,0.89309,0.030877,425.836823,136.907096,144.641953,1.998302,0.603217,0.131819,0.00845,0.354941,0.948674,0.286378,0.316994,0.91611,0.051326,20413.0,50867.0,940198.0,37098.0,57511.0,71280.0
00010277_000.png,../dataset/Origin/00010277_000.png,../dataset/sample_2/00010277_000_s2.png,../dataset/Expert/00010277_000_expert.png,4,0.83245,0.712989,0.874443,0.81845,0.949122,0.793478,0.832348,0.896461,0.251599,171.0,5.953317,5.875164,0.261028,0.285324,0.047024,0.000789,0.754346,0.994541,0.928597,0.83245,0.973879,0.005459,68042.0,5232.0,953144.0,22158.0,90200.0,73274.0
00010447_018.png,../dataset/Origin/00010447_018.png,../dataset/sample_2/00010447_018_s2.png,../dataset/Expert/00010447_018_expert.png,3,0.64458,0.475558,0.754136,0.629713,0.940747,0.608738,0.644461,0.742871,0.110926,403.77469,75.314877,75.035047,1.082891,0.28551,0.04827,0.002162,0.51274,0.995533,0.867688,0.64458,0.96944,0.004467,29058.0,4431.0,987473.0,27614.0,56672.0,33489.0
00010815_006.png,../dataset/Origin/00010815_006.png,../dataset/sample_2/00010815_006_s2.png,../dataset/Expert/00010815_006_expert.png,4,0.900029,0.81823,0.98994,0.894155,0.97787,0.882966,0.899985,0.908021,0.243296,132.060592,4.653403,5.59526,0.211259,0.135139,0.020492,0.000436,0.991199,0.988682,0.824218,0.900029,0.98881,0.011318,52820.0,11265.0,984022.0,469.0,53289.0,64085.0
00010936_016.png,../dataset/Origin/00010936_016.png,../dataset/sample_2/00010936_016_s2.png,../dataset/Expert/00010936_016_expert.png,5,0.829014,0.707962,0.922887,0.826013,0.988267,0.820967,0.828991,0.976237,0.085451,33.24154,1.438495,1.48718,0.116581,0.080579,0.011157,0.000809,0.849193,0.996582,0.809771,0.829014,0.994099,0.003418,15001.0,3524.0,1027387.0,2664.0,17665.0,18525.0
00011157_001.png,../dataset/Origin/00011157_001.png,../dataset/sample_2/00011157_001_s2.png,../dataset/Expert/00011157_001_expert.png,5,0.649283,0.480695,0.8312,0.627211,0.920149,0.597793,0.64912,0.943713,0.125789,106.887792,8.96607,9.596991,0.389349,0.398205,0.073682,0.002118,0.688008,0.974391,0.614684,0.649283,0.958339,0.025609,40437.0,25348.0,964454.0,18337.0,58774.0,65785.0
00011269_019.png,../dataset/Origin/00011269_019.png,../dataset/sample_2/00011269_019_s2.png,../dataset/Expert/00011269_019_expert.png,3,0.349828,0.211995,0.994041,0.346381,0.976524,0.34219,0.349782,0.349828,0.01986,688.443171,151.494964,714.616799,1.087611,0.104187,0.014397,0.007288,1.0,0.988083,0.211995,0.349828,0.988121,0.011917,3351.0,12456.0,1032769.0,0.0,3351.0,15807.0
00011355_011.png,../dataset/Origin/00011355_011.png,../dataset/sample_2/00011355_011_s2.png,../dataset/Expert/00011355_011_expert.png,5,0.301569,0.177557,0.900297,0.254053,0.71727,0.197945,0.300901,0.308745,0.082067,376.824893,55.548053,304.101862,1.358843,0.801718,0.201504,0.009082,0.976755,0.823839,0.178311,0.301569,0.829598,0.176161,38575.0,177761.0,831322.0,918.0,39493.0,216336.0
00011450_000.png,../dataset/Origin/00011450_000.png,../dataset/sample_2/00011450_000_s2.png,../dataset/Expert/00011450_000_expert.png,4,0.747726,0.597094,0.813558,0.737585,0.960407,0.72144,0.747647,0.81286,0.135867,546.0,36.286762,36.145256,0.667166,0.211141,0.033889,0.001323,0.629855,0.997262,0.91987,0.747726,0.979795,0.002738,31397.0,2735.0,995993.0,18451.0,49848.0,34132.0
00000150_002.png,../dataset/Origin/00000150_002.png,../dataset/sample_3/00000150_002_s3.png,../dataset/Expert/00000150_002_expert.png,3,0.129266,0.069099,0.982423,0.125006,0.932335,0.12044,0.129129,0.129266,0.01244,170.038231,32.283198,467.201396,1.060395,0.232695,0.037485,0.026416,1.0,0.964847,0.069099,0.129266,0.964938,0.035153,2729.0,36765.0,1009082.0,0.0,2729.0,39494.0
00000181_061.png,../dataset/Origin/00000181_061.png,../dataset/sample_3/00000181_061_s3.png,../dataset/Expert/00000181_061_expert.png,3,0.552712,0.381895,0.749233,0.52636,0.905089,0.496968,0.552517,0.940059,0.089214,394.0,76.546052,75.51964,1.368773,0.442652,0.085851,0.003174,0.521455,0.977011,0.587954,0.552712,0.950049,0.022989,32361.0,22679.0,963838.0,29698.0,62059.0,55040.0
00000211_019.png,../dataset/Origin/00000211_019.png,../dataset/sample_3/00000211_019_s3.png,../dataset/Expert/00000211_019_expert.png,2,0.733301,0.578907,0.910486,0.683326,0.840475,0.600835,0.732959,0.807944,0.284782,116.0,7.479173,10.514773,0.270424,0.706871,0.145688,0.001426,0.907614,0.913359,0.615157,0.733301,0.912599,0.086641,125994.0,78822.0,830935.0,12825.0,138819.0,204816.0
00000211_041.png,../dataset/Origin/00000211_041.png,../dataset/sample_3/00000211_041_s3.png,../dataset/Expert/00000211_041_expert.png,2,0.606155,0.434879,0.858597,0.53563,0.773922,0.439011,0.605646,0.718583,0.18742,129.321305,15.58029,25.712441,0.578696,0.894302,0.200708,0.002548,0.843542,0.873651,0.473034,0.606155,0.870083,0.126349,104832.0,116784.0,807516.0,19444.0,124276.0,221616.0
00000468_033.png,../dataset/Origin/00000468_033.png,../dataset/sample_3/00000468_033_s3.png,../dataset/Expert/00000468_033_expert.png,5,0.893732,0.80788,0.978674,0.893132,0.997603,0.892048,0.893727,0.93259,0.040582,7.28011,0.342491,0.382968,0.230157,0.019361,0.00224,0.000466,0.958333,0.999014,0.83729,0.893732,0.9988,0.000986,5290.0,1028.0,1042028.0,230.0,5520.0,6318.0
00000808_002.png,../dataset/Origin/00000808_002.png,../dataset/sample_3/00000808_002_s3.png,../dataset/Expert/00000808_002_expert.png,3,0.501856,0.334985,0.843215,0.488638,0.945266,0.474076,0.501746,0.707605,0.055002,380.474703,46.900746,58.831394,0.962958,0.257587,0.042617,0.003893,0.709231,0.977199,0.388315,0.501856,0.97184,0.022801,14874.0,23430.0,1004174.0,6098.0,20972.0,38304.0
00000830_000.png,../dataset/Origin/00000830_000.png,../dataset/sample_3/00000830_000_s3.png,../dataset/Expert/00000830_000_expert.png,3,0.196192,0.108765,0.980808,0.189374,0.926509,0.181781,0.196043,0.196192,0.02155,482.570202,82.064651,754.511366,1.127705,0.255009,0.042361,0.016067,1.0,0.961616,0.108765,0.196192,0.961795,0.038384,4889.0,40061.0,1003626.0,0.0,4889.0,44950.0
00001075_024.png,../dataset/Origin/00001075_024.png,../dataset/sample_3/00001075_024_s3.png,../dataset/Expert/00001075_024_expert.png,3,0.556864,0.385871,0.713898,0.539516,0.930137,0.51829,0.556722,0.719283,0.082637,451.159617,77.87736,77.390905,1.276207,0.322589,0.055713,0.003121,0.434806,0.992991,0.774194,0.556864,0.963755,0.007009,23880.0,6965.0,986690.0,31041.0,54921.0,30845.0
00002350_001.png,../dataset/Origin/00002350_001.png,../dataset/sample_3/00002350_001_s3.png,../dataset/Expert/00002350_001_expert.png,3,0.70036,0.538888,0.849933,0.696541,0.985029,0.691153,0.700331,0.995188,0.050678,563.888287,72.349284,72.364575,0.831521,0.093617,0.01391,0.001678,0.703746,0.99612,0.697006,0.70036,0.992457,0.00388,9243.0,4018.0,1031424.0,3891.0,13134.0,13261.0
00002578_000.png,../dataset/Origin/00002578_000.png,../dataset/sample_3/00002578_000_s3.png,../dataset/Expert/00002578_000_expert.png,2,0.042549,0.021737,0.509914,0.034157,0.802523,0.02987,0.042115,0.07793,0.003697,820.88367,214.986125,213.130287,3.694777,0.538724,0.115537,0.088244,0.022137,0.99769,0.545992,0.042549,0.888924,0.00231,2588.0,2152.0,929516.0,114320.0,116908.0,4740.0
00002583_014.png,../dataset/Origin/00002583_014.png,../dataset/sample_3/00002583_014_s3.png,../dataset/Expert/00002583_014_expert.png,3,0.236986,0.134421,0.945059,0.213728,0.807267,0.186959,0.236563,0.236986,0.05187,214.114455,29.879125,222.280443,0.537442,0.562255,0.122562,0.012626,1.0,0.890117,0.134421,0.236986,0.891961,0.109883,17593.0,113287.0,917696.0,0.0,17593.0,130880.0
00002711_000.png,../dataset/Origin/00002711_000.png,../dataset/sample_3/00002711_000_s3.png,../dataset/Expert/00002711_000_expert.png,3,0.476751,0.312983,0.66073,0.397233,0.736308,0.313436,0.476139,0.658632,0.104653,405.0,53.088353,51.866922,1.183206,0.976946,0.228388,0.004304,0.355421,0.966039,0.72385,0.476751,0.843736,0.033961,74647.0,28478.0,810074.0,135377.0,210024.0,103125.0
00002763_031.png,../dataset/Origin/00002763_031.png,../dataset/sample_3/00002763_031_s3.png,../dataset/Expert/00002763_031_expert.png,2,0.570835,0.399419,0.82813,0.505473,0.786998,0.424332,0.570361,0.747271,0.149248,179.0,25.594088,35.168441,0.68677,0.860903,0.189215,0.002948,0.763893,0.892368,0.455673,0.570835,0.878813,0.107632,84511.0,100953.0,836991.0,26121.0,110632.0,185464.0
00002856_009.png,../dataset/Origin/00002856_009.png,../dataset/sample_3/00002856_009_s3.png,../dataset/Expert/00002856_009_expert.png,5,0.69043,0.527218,0.813195,0.68301,0.97119,0.672542,0.690373,0.906921,0.078731,59.481089,5.93444,5.434726,0.667399,0.164765,0.025709,0.001758,0.631637,0.994753,0.76129,0.69043,0.985381,0.005247,17094.0,5360.0,1016153.0,9969.0,27063.0,22454.0
00002980_000.png,../dataset/Origin/00002980_000.png,../dataset/sample_3/00002980_000_s3.png,../dataset/Expert/00002980_000_expert.png,5,0.623818,0.453296,0.898746,0.57419,0.82571,0.502594,0.62344,0.698651,0.192843,157.546818,15.244346,27.769767,0.353756,0.699701,0.147564,0.002365,0.892889,0.904602,0.479363,0.623818,0.903553,0.095398,83853.0,91073.0,863591.0,10059.0,93912.0,174926.0
00003072_028.png,../dataset/Origin/00003072_028.png,../dataset/sample_3/00003072_028_s3.png,../dataset/Expert/00003072_028_expert.png,3,0.598248,0.426786,0.753696,0.5374,0.810102,0.46329,0.597832,0.928327,0.147989,638.0,78.919532,78.130089,1.043558,0.82985,0.182599,0.002634,0.558237,0.949155,0.644437,0.598248,0.893765,0.050845,82939.0,45761.0,854242.0,65634.0,148573.0,128700.0
00003333_002.png,../dataset/Origin/00003333_002.png,../dataset/sample_3/00003333_002_s3.png,../dataset/Expert/00003333_002_expert.png,5,0.73411,0.579917,0.954965,0.709521,0.909302,0.669112,0.733924,0.766329,0.22517,116.275535,7.117638,11.312603,0.411124,0.411719,0.077109,0.00142,0.957957,0.951973,0.595062,0.73411,0.952384,0.048027,68926.0,46904.0,929721.0,3025.0,71951.0,115830.0
00003391_001.png,../dataset/Origin/00003391_001.png,../dataset/sample_3/00003391_001_s3.png,../dataset/Expert/00003391_001_expert.png,1,0.049419,0.025336,0.502766,0.003367,0.812744,0.002973,0.04901,0.600208,1e-05,273.0,99.060354,165.915728,3.308073,0.600722,0.136481,0.075432,0.082337,0.923196,0.035305,0.049419,0.895439,0.076804,2850.0,77876.0,936086.0,31764.0,34614.0,80726.0
00003400_003.png,../dataset/Origin/00003400_003.png,../dataset/sample_3/00003400_003_s3.png,../dataset/Expert/00003400_003_expert.png,2,0.477456,0.313591,0.705593,0.445512,0.885966,0.415144,0.477219,0.909924,0.068888,467.831166,93.406927,92.152831,1.119035,0.501073,0.100732,0.004292,0.438003,0.973183,0.524721,0.477456,0.939299,0.026817,29079.0,26339.0,955847.0,37311.0,66390.0,55418.0
00003787_003.png,../dataset/Origin/00003787_003.png,../dataset/sample_3/00003787_003_s3.png,../dataset/Expert/00003787_003_expert.png,5,0.826609,0.704462,0.911925,0.823193,0.986687,0.817459,0.826583,0.999186,0.092495,30.870698,1.633629,1.635065,0.38789,0.090275,0.012806,0.000823,0.827283,0.996567,0.825937,0.826609,0.993299,0.003433,16750.0,3530.0,1024799.0,3497.0,20247.0,20280.0
00003894_005.png,../dataset/Origin/00003894_005.png,../dataset/sample_3/00003894_005_s3.png,../dataset/Expert/00003894_005_expert.png,5,0.856527,0.749057,0.954176,0.838435,0.937353,0.804493,0.8564,0.913893,0.33243,30.805844,1.989193,2.275325,0.139113,0.35047,0.059221,0.000657,0.937229,0.971123,0.788621,0.856527,0.967628,0.028877,101322.0,27158.0,913310.0,6786.0,108108.0,128480.0
00003973_008.png,../dataset/Origin/00003973_008.png,../dataset/sample_3/00003973_008_s3.png,../dataset/Expert/00003973_008_expert.png,3,0.535818,0.36595,0.706583,0.50996,0.900509,0.479974,0.535613,0.741248,0.090888,351.0,50.77823,49.681106,1.170473,0.439584,0.081377,0.003397,0.425674,0.987492,0.722859,0.535818,0.947498,0.012508,31774.0,12182.0,961750.0,42870.0,74644.0,43956.0
00004808_090.png,../dataset/Origin/00004808_090.png,../dataset/sample_3/00004808_090_s3.png,../dataset/Expert/00004808_090_expert.png,3,0.524785,0.355734,0.686102,0.453069,0.763279,0.37011,0.524247,0.697484,0.12759,421.0,79.923595,78.11799,1.057534,0.913195,0.206566,0.003551,0.402901,0.969303,0.752397,0.524785,0.862822,0.030697,79423.0,26137.0,825311.0,117705.0,197128.0,105560.0
00004911_018.png,../dataset/Origin/00004911_018.png,../dataset/sample_3/00004911_018_s3.png,../dataset/Expert/00004911_018_expert.png,4,0.551138,0.380393,0.710075,0.545946,0.977605,0.539604,0.551094,0.69393,0.037256,293.293368,70.60298,70.298735,1.367165,0.119086,0.017143,0.003194,0.421982,0.998168,0.794227,0.551138,0.988674,0.001832,7291.0,1889.0,1029409.0,9987.0,17278.0,9180.0
00005089_014.png,../dataset/Origin/00005089_014.png,../dataset/sample_3/00005089_014_s3.png,../dataset/Expert/00005089_014_expert.png,4,0.19066,0.105375,0.936118,0.168351,0.779947,0.143381,0.190167,0.19066,0.042957,423.494982,73.710018,699.500764,0.995921,0.611452,0.139133,0.016647,1.0,0.872236,0.105375,0.19066,0.87413,0.127764,15546.0,131984.0,901046.0,0.0,15546.0,147530.0
00005353_000.png,../dataset/Origin/00005353_000.png,../dataset/sample_3/00005353_000_s3.png,../dataset/Expert/00005353_000_expert.png,4,0.72846,0.572896,0.804613,0.698972,0.89629,0.652076,0.728246,0.825786,0.22264,217.020736,12.959073,12.682786,0.636925,0.494253,0.092525,0.001462,0.620381,0.988844,0.882142,0.72846,0.945135,0.011156,77168.0,10310.0,913878.0,47220.0,124388.0,87478.0
00006948_002.png,../dataset/Origin/00006948_002.png,../dataset/sample_3/00006948_002_s3.png,../dataset/Expert/00006948_002_expert.png,2,0.179327,0.098495,0.549342,0.162558,0.85468,0.148402,0.179019,0.236219,0.022559,597.608568,197.885293,197.004493,2.763789,0.463268,0.08935,0.017947,0.101672,0.997013,0.759157,0.179327,0.921118,0.002987,9037.0,2867.0,956825.0,79847.0,88884.0,11904.0
00007882_001.png,../dataset/Origin/00007882_001.png,../dataset/sample_3/00007882_001_s3.png,../dataset/Expert/00007882_001_expert.png,2,0.10923,0.05777,0.527999,0.089736,0.741777,0.073322,0.108634,0.134261,0.017613,616.10551,178.627191,178.108119,2.07794,0.688348,0.163236,0.03198,0.058545,0.997454,0.813559,0.10923,0.847691,0.002546,9792.0,2244.0,879076.0,157464.0,167256.0,12036.0
00008008_027.png,../dataset/Origin/00008008_027.png,../dataset/sample_3/00008008_027_s3.png,../dataset/Expert/00008008_027_expert.png,2,0.241967,0.137635,0.56908,0.229028,0.892362,0.21491,0.241744,0.255544,0.033845,589.502332,169.580821,169.475248,1.664593,0.360149,0.065433,0.012285,0.138706,0.999453,0.946868,0.241967,0.942924,0.000547,9552.0,536.0,979175.0,59313.0,68865.0,10088.0
00008386_000.png,../dataset/Origin/00008386_000.png,../dataset/sample_3/00008386_000_s3.png,../dataset/Expert/00008386_000_expert.png,4,0.609011,0.437826,0.718913,0.60748,0.992826,0.605273,0.608997,0.609011,0.021479,37.576588,4.177333,4.177333,0.791872,0.040727,0.005176,0.002518,0.437826,1.0,1.0,0.609011,0.9964,0.0,2940.0,0.0,1041861.0,3775.0,6715.0,2940.0
00008547_001.png,../dataset/Origin/00008547_001.png,../dataset/sample_3/00008547_001_s3.png,../dataset/Expert/00008547_001_expert.png,2,0.350132,0.212218,0.617598,0.331333,0.913318,0.315193,0.349955,0.558246,0.0368,728.659729,189.318656,187.068401,1.666668,0.352968,0.061877,0.007279,0.242852,0.992345,0.627201,0.350132,0.954597,0.007655,12825.0,7623.0,988143.0,39985.0,52810.0,20448.0
00008554_009.png,../dataset/Origin/00008554_009.png,../dataset/sample_3/00008554_009_s3.png,../dataset/Expert/00008554_009_expert.png,5,0.325163,0.194146,0.670231,0.302315,0.914425,0.287844,0.324988,0.88486,0.026636,146.102704,35.948393,41.886599,2.098627,0.36635,0.070656,0.008139,0.367474,0.972988,0.291589,0.325163,0.955206,0.027012,11316.0,27492.0,990290.0,19478.0,30794.0,38808.0
00008814_010.png,../dataset/Origin/00008814_010.png,../dataset/sample_3/00008814_010_s3.png,../dataset/Expert/00008814_010_expert.png,1,0.351724,0.213389,0.96086,0.332534,0.880886,0.309157,0.351476,0.356643,0.063528,445.193216,74.789314,344.505218,1.35273,0.404423,0.077405,0.007228,0.986209,0.935511,0.214028,0.351724,0.936398,0.064489,18092.0,66439.0,963792.0,253.0,18345.0,84531.0
00009368_006.png,../dataset/Origin/00009368_006.png,../dataset/sample_3/00009368_006_s3.png,../dataset/Expert/00009368_006_expert.png,2,0.216997,0.121703,0.560852,0.206948,0.902685,0.1956,0.216797,0.216997,0.029738,392.720002,65.090672,65.090672,1.087364,0.322496,0.05753,0.01415,0.121703,1.0,1.0,0.216997,0.948712,0.0,7452.0,0.0,987345.0,53779.0,61231.0,7452.0
00009437_008.png,../dataset/Origin/00009437_008.png,../dataset/sample_3/00009437_008_s3.png,../dataset/Expert/00009437_008_expert.png,3,0.41647,0.263001,0.775775,0.394975,0.913571,0.375651,0.416293,0.710239,0.047488,609.0,125.005867,137.396443,1.381281,0.373446,0.067457,0.005495,0.58638,0.965171,0.322905,0.41647,0.954737,0.034829,16937.0,35515.0,984177.0,11947.0,28884.0,52452.0
00009507_004.png,../dataset/Origin/00009507_004.png,../dataset/sample_3/00009507_004_s3.png,../dataset/Expert/00009507_004_expert.png,5,0.808062,0.67794,0.982586,0.801114,0.97272,0.789206,0.808008,0.825585,0.147646,60.108236,2.613319,3.69903,0.256434,0.15063,0.023544,0.000931,0.978776,0.986396,0.688055,0.808062,0.986169,0.013604,30529.0,13841.0,1003544.0,662.0,31191.0,44370.0
00009619_000.png,../dataset/Origin/00009619_000.png,../dataset/sample_3/00009619_000_s3.png,../dataset/Expert/00009619_000_expert.png,2,0.459038,0.297891,0.653666,0.449332,0.951225,0.437558,0.45894,0.512581,0.048488,391.062655,55.223999,55.057511,1.411316,0.211788,0.033587,0.004621,0.308614,0.998718,0.895542,0.459038,0.974987,0.001282,11128.0,1298.0,1011220.0,24930.0,36058.0,12426.0
00010277_000.png,../dataset/Origin/00010277_000.png,../dataset/sample_3/00010277_000_s3.png,../dataset/Expert/00010277_000_expert.png,4,0.552044,0.381257,0.866675,0.493209,0.791099,0.416935,0.55158,0.650414,0.152414,189.504617,23.112125,46.87143,0.853046,0.794987,0.174441,0.003182,0.848758,0.884592,0.409047,0.552044,0.88151,0.115408,76558.0,110604.0,847772.0,13642.0,90200.0,187162.0
00010381_000.png,../dataset/Origin/00010381_000.png,../dataset/sample_3/00010381_000_s3.png,../dataset/Expert/00010381_000_expert.png,3,0.36949,0.22661,0.837506,0.320335,0.776236,0.269644,0.368988,0.461964,0.074534,178.314329,30.969873,90.204164,0.660265,0.75055,0.16624,0.006692,0.799826,0.875186,0.240235,0.36949,0.871642,0.124814,39437.0,124723.0,874546.0,9870.0,49307.0,164160.0
00010447_018.png,../dataset/Origin/00010447_018.png,../dataset/sample_3/00010447_018_s3.png,../dataset/Expert/00010447_018_expert.png,3,0.473699,0.310358,0.716952,0.444449,0.895235,0.417067,0.473483,0.974188,0.064488,329.028874,69.002071,68.460696,1.11775,0.466374,0.094525,0.004357,0.46178,0.972124,0.48625,0.473699,0.944542,0.027876,26170.0,27650.0,964254.0,30502.0,56672.0,53820.0
00010815_006.png,../dataset/Origin/00010815_006.png,../dataset/sample_3/00010815_006_s3.png,../dataset/Expert/00010815_006_expert.png,5,0.856152,0.748485,0.874242,0.849609,0.974763,0.83774,0.856102,0.856152,0.191873,32.202484,1.437228,1.437228,0.217765,0.139349,0.022349,0.000659,0.748485,1.0,1.0,0.856152,0.987218,0.0,39886.0,0.0,995287.0,13403.0,53289.0,39886.0
00011157_001.png,../dataset/Origin/00011157_001.png,../dataset/sample_3/00011157_001_s3.png,../dataset/Expert/00011157_001_expert.png,2,0.338908,0.204027,0.605593,0.323076,0.910738,0.306825,0.338725,0.417246,0.041679,552.667169,124.472115,123.928844,1.057986,0.339215,0.059022,0.00765,0.214125,0.997061,0.81225,0.338908,0.953176,0.002939,12585.0,2909.0,986893.0,46189.0,58774.0,15494.0
00011237_006.png,../dataset/Origin/00011237_006.png,../dataset/sample_3/00011237_006_s3.png,../dataset/Expert/00011237_006_expert.png,5,0.519079,0.350511,0.837288,0.494596,0.904282,0.466908,0.518882,0.725236,0.082943,208.081715,31.900565,53.0704,1.356637,0.421015,0.0772,0.003633,0.715738,0.958839,0.407196,0.519079,0.949601,0.041161,28520.0,41520.0,967209.0,11327.0,39847.0,70040.0
00011355_011.png,../dataset/Origin/00011355_011.png,../dataset/sample_3/00011355_011_s3.png,../dataset/Expert/00011355_011_expert.png,3,0.304123,0.179331,0.872778,0.257612,0.737018,0.206837,0.303513,0.336557,0.070164,269.703541,34.577309,168.7144,0.685319,0.784499,0.187173,0.008973,0.903628,0.841928,0.182827,0.304123,0.844252,0.158072,35687.0,159508.0,849575.0,3806.0,39493.0,195195.0
00011450_000.png,../dataset/Origin/00011450_000.png,../dataset/sample_3/00011450_000_s3.png,../dataset/Expert/00011450_000_expert.png,3,0.315453,0.187263,0.593943,0.304776,0.925389,0.292248,0.315302,0.323056,0.03908,543.798676,52.906919,52.860775,1.308928,0.272848,0.046288,0.00851,0.188112,0.999774,0.976466,0.315453,0.961188,0.000226,9377.0,226.0,998502.0,40471.0,49848.0,9603.0
